Order Date,Sales,year,month,day,day_of_week,quarter,sales_lag1,rolling_mean_7
2014-01-09,40.544,2014,1,9,3,1,0.0,694.1208571428572
2014-01-10,54.83,2014,1,10,4,1,40.544,699.604
2014-01-11,9.94,2014,1,11,5,1,54.83,659.8725714285714
2014-01-12,0.0,2014,1,12,6,1,9.94,657.0817142857143
2014-01-13,3553.795,2014,1,13,0,1,0.0,535.181
2014-01-14,61.96,2014,1,14,1,1,3553.795,531.5812857142857
2014-01-15,149.95,2014,1,15,2,1,61.96,553.0027142857143
2014-01-16,299.964,2014,1,16,3,1,149.95,590.0627142857144
2014-01-17,0.0,2014,1,17,4,1,299.964,582.2298571428572
2014-01-18,64.864,2014,1,18,5,1,0.0,590.0761428571429
2014-01-19,378.594,2014,1,19,6,1,64.864,644.1610000000001
2014-01-20,2673.87,2014,1,20,0,1,378.594,518.4574285714285
2014-01-21,25.248,2014,1,21,1,1,2673.87,513.2128571428572
2014-01-22,0.0,2014,1,22,2,1,25.248,491.7914285714286
2014-01-23,46.019999999999996,2014,1,23,3,1,0.0,455.5137142857143
2014-01-24,0.0,2014,1,24,4,1,46.019999999999996,455.51371428571423
2014-01-25,0.0,2014,1,25,5,1,0.0,446.24742857142854
2014-01-26,1097.25,2014,1,26,6,1,0.0,548.9125714285714
2014-01-27,426.67,2014,1,27,0,1,1097.25,227.88400000000001
2014-01-28,3.928,2014,1,28,1,1,426.67,224.83828571428572
2014-01-29,0.0,2014,1,29,2,1,3.928,224.83828571428572
2014-01-30,240.5,2014,1,30,3,1,0.0,252.62114285714284
2014-01-31,290.666,2014,1,31,4,1,240.5,294.1448571428572
2014-02-01,468.9,2014,2,1,5,1,290.666,361.1305714285714
2014-02-02,211.64600000000002,2014,2,2,6,1,468.9,234.6157142857143
2014-02-03,97.11200000000001,2014,2,3,0,1,211.64600000000002,187.536
2014-02-04,134.38400000000001,2014,2,4,1,1,97.11200000000001,206.17257142857144
2014-02-05,0.0,2014,2,5,2,1,134.38400000000001,206.17257142857144
2014-02-06,330.512,2014,2,6,3,1,0.0,219.03142857142856
2014-02-07,180.32,2014,2,7,4,1,330.512,203.26771428571433
2014-02-08,14.56,2014,2,8,5,1,180.32,138.362
2014-02-09,0.0,2014,2,9,6,1,14.56,108.12685714285713
2014-02-10,0.0,2014,2,10,0,1,0.0,94.25371428571428
2014-02-11,2043.4,2014,2,11,1,1,0.0,366.9702857142857
2014-02-12,129.568,2014,2,12,2,1,2043.4,385.48
2014-02-13,0.0,2014,2,13,3,1,129.568,338.264
2014-02-14,576.726,2014,2,14,4,1,0.0,394.89342857142856
2014-02-15,21.36,2014,2,15,5,1,576.726,395.86485714285715
2014-02-16,9.04,2014,2,16,6,1,21.36,397.15628571428573
2014-02-17,54.208,2014,2,17,0,1,9.04,404.90028571428576
2014-02-18,37.784,2014,2,18,1,1,54.208,118.38371428571425
2014-02-19,0.0,2014,2,19,2,1,37.784,99.87399999999995
2014-02-20,95.59,2014,2,20,3,1,0.0,113.52971428571425
2014-02-21,8.85,2014,2,21,4,1,95.59,32.404571428571394
2014-02-22,19.44,2014,2,22,5,1,8.85,32.13028571428568
2014-02-23,11.364,2014,2,23,6,1,19.44,32.46228571428568
2014-02-24,55.672,2014,2,24,0,1,11.364,32.671428571428535
2014-02-25,0.0,2014,2,25,1,1,55.672,27.273714285714252
2014-02-26,0.0,2014,2,26,2,1,0.0,27.273714285714252
2014-02-27,19.456,2014,2,27,3,1,0.0,16.397428571428538
2014-02-28,0.0,2014,2,28,4,1,19.456,15.133142857142825
2014-03-01,2203.151,2014,3,1,5,1,0.0,327.09185714285707
2014-03-02,202.384,2014,3,2,6,1,2203.151,354.3804285714285
2014-03-03,1345.8919999999998,2014,3,3,0,1,202.384,538.6975714285713
2014-03-04,370.452,2014,3,4,1,1,1345.8919999999998,591.6192857142856
2014-03-05,705.562,2014,3,5,2,1,370.452,692.413857142857
2014-03-06,0.0,2014,3,6,3,1,705.562,689.6344285714284
2014-03-07,1561.062,2014,3,7,4,1,0.0,912.6432857142855
2014-03-08,0.0,2014,3,8,5,1,1561.062,597.9074285714285
2014-03-09,0.0,2014,3,9,6,1,0.0,568.9954285714285
2014-03-10,741.956,2014,3,10,0,1,0.0,482.7188571428571
2014-03-11,918.314,2014,3,11,1,1,741.956,560.9848571428571
2014-03-12,0.0,2014,3,12,2,1,918.314,460.1902857142856
2014-03-13,0.0,2014,3,13,3,1,0.0,460.1902857142856
2014-03-14,2108.55,2014,3,14,4,1,0.0,538.4028571428571
2014-03-15,370.78200000000004,2014,3,15,5,1,2108.55,591.3717142857142
2014-03-16,471.92,2014,3,16,6,1,370.78200000000004,658.7888571428572
2014-03-17,3960.358,2014,3,17,0,1,471.92,1118.5605714285714
2014-03-18,28106.716,2014,3,18,1,1,3960.358,5002.618
2014-03-19,590.762,2014,3,19,2,1,28106.716,5087.012571428572
2014-03-20,0.0,2014,3,20,3,1,590.762,5087.012571428572
2014-03-21,4109.816,2014,3,21,4,1,0.0,5372.907714285714
2014-03-22,464.09299999999996,2014,3,22,5,1,4109.816,5386.237857142857
2014-03-23,945.064,2014,3,23,6,1,464.09299999999996,5453.829857142858
2014-03-24,65.38,2014,3,24,0,1,945.064,4897.404428571428
2014-03-25,459.146,2014,3,25,1,1,65.38,947.7515714285713
2014-03-26,145.13,2014,3,26,2,1,459.146,884.0898571428571
2014-03-27,0.0,2014,3,27,3,1,145.13,884.0898571428571
2014-03-28,1823.8039999999999,2014,3,28,4,1,0.0,557.5167142857142
2014-03-29,890.841,2014,3,29,5,1,1823.8039999999999,618.4807142857143
2014-03-30,1170.3220000000001,2014,3,30,6,1,890.841,650.6604285714285
2014-03-31,1959.552,2014,3,31,0,1,1170.3220000000001,921.2564285714285
2014-04-01,119.88799999999999,2014,4,1,1,2,1959.552,872.7909999999999
2014-04-02,1458.558,2014,4,2,2,2,119.88799999999999,1060.4235714285712
2014-04-03,233.45,2014,4,3,3,2,1458.558,1093.7735714285714
2014-04-04,475.844,2014,4,4,4,2,233.45,901.207857142857
2014-04-05,5295.098000000001,2014,4,5,5,2,475.844,1530.3874285714285
2014-04-06,1650.69,2014,4,6,6,2,5295.098000000001,1599.0114285714285
2014-04-07,1021.1700000000001,2014,4,7,0,2,1650.69,1464.9568571428572
2014-04-08,1958.75,2014,4,8,1,2,1021.1700000000001,1727.6514285714286
2014-04-09,0.0,2014,4,9,2,2,1958.75,1519.286
2014-04-10,0.0,2014,4,10,3,2,0.0,1485.936
2014-04-11,1915.24,2014,4,11,4,2,0.0,1691.564
2014-04-12,1912.123,2014,4,12,5,2,1915.24,1208.2818571428572
2014-04-13,638.576,2014,4,13,6,2,1912.123,1063.6941428571429
2014-04-14,0.0,2014,4,14,0,2,638.576,917.8127142857144
2014-04-15,294.71999999999997,2014,4,15,1,2,0.0,680.094142857143
2014-04-16,39.072,2014,4,16,2,2,294.71999999999997,685.6758571428571
2014-04-17,0.0,2014,4,17,3,2,39.072,685.6758571428571
2014-04-18,1020.532,2014,4,18,4,2,0.0,557.8604285714285
2014-04-19,205.47,2014,4,19,5,2,1020.532,314.05285714285714
2014-04-20,1250.45,2014,4,20,6,2,205.47,401.4634285714286
2014-04-21,845.36,2014,4,21,0,2,1250.45,522.2291428571428
2014-04-22,257.752,2014,4,22,1,2,845.36,516.9480000000001
2014-04-23,643.98,2014,4,23,2,2,257.752,603.3634285714286
2014-04-24,0.0,2014,4,24,3,2,643.98,603.3634285714286
2014-04-25,2379.9939999999997,2014,4,25,4,2,0.0,797.5722857142856
2014-04-26,282.568,2014,4,26,5,2,2379.9939999999997,808.5862857142856
2014-04-27,0.0,2014,4,27,6,2,282.568,629.9505714285714
2014-04-28,2578.476,2014,4,28,0,2,0.0,877.5385714285715
2014-04-29,768.8439999999999,2014,4,29,1,2,2578.476,950.5517142857143
2014-04-30,1048.74,2014,4,30,2,2,768.8439999999999,1008.3745714285714
2014-05-01,0.0,2014,5,1,3,2,1048.74,1008.3745714285714
2014-05-02,506.12,2014,5,2,4,2,0.0,740.6782857142858
2014-05-03,72.632,2014,5,3,5,2,506.12,710.6874285714285
2014-05-04,187.43200000000002,2014,5,4,6,2,72.632,737.4634285714285
2014-05-05,260.977,2014,5,5,0,2,187.43200000000002,406.3921428571429
2014-05-06,254.456,2014,5,6,1,2,260.977,332.90814285714293
2014-05-07,1091.35,2014,5,7,2,2,254.456,338.9952857142858
2014-05-08,1799.97,2014,5,8,3,2,1091.35,596.1338571428571
2014-05-09,394.48,2014,5,9,4,2,1799.97,580.1852857142858
2014-05-10,2343.799,2014,5,10,5,2,394.48,904.6377142857143
2014-05-11,1642.802,2014,5,11,6,2,2343.799,1112.5477142857144
2014-05-12,734.846,2014,5,12,0,2,1642.802,1180.243285714286
2014-05-13,898.382,2014,5,13,1,2,734.846,1272.2327142857143
2014-05-14,310.88,2014,5,14,2,2,898.382,1160.7369999999999
2014-05-15,0.0,2014,5,15,3,2,310.88,903.5984285714286
2014-05-16,289.28,2014,5,16,4,2,0.0,888.5698571428572
2014-05-17,91.68,2014,5,17,5,2,289.28,566.8385714285715
2014-05-18,948.9480000000001,2014,5,18,6,2,91.68,467.7165714285715
2014-05-19,91.62,2014,5,19,0,2,948.9480000000001,375.827142857143
2014-05-20,320.10400000000004,2014,5,20,1,2,91.62,293.21600000000007
2014-05-21,4264.3279999999995,2014,5,21,2,2,320.10400000000004,857.9942857142858
2014-05-22,180.93,2014,5,22,3,2,4264.3279999999995,883.8414285714287
2014-05-23,323.75800000000004,2014,5,23,4,2,180.93,888.7668571428572
2014-05-24,116.28,2014,5,24,5,2,323.75800000000004,892.2811428571429
2014-05-25,119.53999999999999,2014,5,25,6,2,116.28,773.7942857142856
2014-05-26,1325.718,2014,5,26,0,2,119.53999999999999,950.0939999999999
2014-05-27,2157.394,2014,5,27,1,2,1325.718,1212.564
2014-05-28,221.96800000000002,2014,5,28,2,2,2157.394,635.084
2014-05-29,0.0,2014,5,29,3,2,221.96800000000002,609.236857142857
2014-05-30,1924.913,2014,5,30,4,2,0.0,837.9732857142857
2014-05-31,773.7,2014,5,31,5,2,1924.913,931.8904285714286
2014-06-01,5188.5199999999995,2014,6,1,6,2,773.7,1656.0304285714285
2014-06-02,738.598,2014,6,2,0,2,5188.5199999999995,1572.1561428571426
2014-06-03,741.336,2014,6,3,1,2,738.598,1369.8621428571428
2014-06-04,456.272,2014,6,4,2,2,741.336,1403.3341428571428
2014-06-05,0.0,2014,6,5,3,2,456.272,1403.3341428571428
2014-06-06,1374.0010000000002,2014,6,6,4,2,0.0,1324.6324285714286
2014-06-07,281.397,2014,6,7,5,2,1374.0010000000002,1254.3034285714282
2014-06-08,2501.264,2014,6,8,6,2,281.397,870.4097142857144
2014-06-09,5463.008,2014,6,9,0,2,2501.264,1545.3254285714286
2014-06-10,491.55,2014,6,10,1,2,5463.008,1509.6417142857142
2014-06-11,0.0,2014,6,11,2,2,491.55,1444.4599999999998
2014-06-12,0.0,2014,6,12,3,2,0.0,1444.4599999999998
2014-06-13,14.52,2014,6,13,4,2,0.0,1250.2484285714286
2014-06-14,212.94,2014,6,14,5,2,14.52,1240.4688571428574
2014-06-15,942.9739999999999,2014,6,15,6,2,212.94,1017.856
2014-06-16,763.792,2014,6,16,0,2,942.9739999999999,346.5394285714286
2014-06-17,3418.5020000000004,2014,6,17,1,2,763.792,764.6754285714286
2014-06-18,139.8,2014,6,18,2,2,3418.5020000000004,784.6468571428571
2014-06-19,0.0,2014,6,19,3,2,139.8,784.6468571428571
2014-06-20,1828.9496,2014,6,20,4,2,0.0,1043.8510857142858
2014-06-21,4107.443,2014,6,21,5,2,1828.9496,1600.2086571428572
2014-06-22,1975.498,2014,6,22,6,2,4107.443,1747.7120857142856
2014-06-23,109.49600000000001,2014,6,23,0,2,1975.498,1654.2412285714288
2014-06-24,4.272,2014,6,24,1,2,109.49600000000001,1166.4940857142858
2014-06-25,792.76,2014,6,25,2,2,4.272,1259.7740857142858
2014-06-26,0.0,2014,6,26,3,2,792.76,1259.7740857142858
2014-06-27,616.14,2014,6,27,4,2,0.0,1086.5155714285715
2014-06-28,1645.791,2014,6,28,5,2,616.14,734.851
2014-06-29,46.68,2014,6,29,6,2,1645.791,459.3055714285714
2014-06-30,739.624,2014,6,30,0,2,46.68,549.3238571428572
2014-07-01,601.0239999999999,2014,7,1,1,3,739.624,634.5741428571428
2014-07-02,79.56,2014,7,2,2,3,601.0239999999999,532.6884285714285
2014-07-03,0.0,2014,7,3,3,3,79.56,532.6884285714285
2014-07-04,247.40800000000002,2014,7,4,4,3,0.0,480.01242857142853
2014-07-05,1444.104,2014,7,5,5,3,247.40800000000002,451.19999999999993
2014-07-06,1038.472,2014,7,6,6,3,1444.104,592.8845714285715
2014-07-07,241.19400000000002,2014,7,7,0,3,1038.472,521.6802857142857
2014-07-08,763.0740000000001,2014,7,8,1,3,241.19400000000002,544.8302857142857
2014-07-09,265.521,2014,7,9,2,3,763.0740000000001,571.3961428571429
2014-07-10,0.0,2014,7,10,3,3,265.521,571.3961428571429
2014-07-11,2187.206,2014,7,11,4,3,0.0,848.5101428571428
2014-07-12,1960.012,2014,7,12,5,3,2187.206,922.2112857142857
2014-07-13,351.216,2014,7,13,6,3,1960.012,824.0318571428571
2014-07-14,292.594,2014,7,14,0,3,351.216,831.3747142857143
2014-07-15,9.51,2014,7,15,1,3,292.594,723.7227142857143
2014-07-16,0.0,2014,7,16,2,3,9.51,685.791142857143
2014-07-17,0.0,2014,7,17,3,3,0.0,685.791142857143
2014-07-18,273.04,2014,7,18,4,3,0.0,412.33885714285714
2014-07-19,461.326,2014,7,19,5,3,273.04,198.24085714285715
2014-07-20,2285.786,2014,7,20,6,3,461.326,474.60800000000006
2014-07-21,1961.482,2014,7,21,0,3,2285.786,713.0205714285714
2014-07-22,1348.344,2014,7,22,1,3,1961.482,904.2825714285715
2014-07-23,2613.1839999999997,2014,7,23,2,3,1348.344,1277.5945714285715
2014-07-24,0.0,2014,7,24,3,3,2613.1839999999997,1277.5945714285715
2014-07-25,8341.289999999999,2014,7,25,4,3,0.0,2430.2017142857144
2014-07-26,5039.994,2014,7,26,5,3,8341.289999999999,3084.2971428571427
2014-07-27,580.06,2014,7,27,6,3,5039.994,2840.622
2014-07-28,193.152,2014,7,28,0,3,580.06,2588.0034285714282
2014-07-29,0.0,2014,7,29,1,3,193.152,2395.3828571428567
2014-07-30,1367.84,2014,7,30,2,3,0.0,2217.4765714285713
2014-07-31,0.0,2014,7,31,3,3,1367.84,2217.4765714285713
2014-08-01,228.328,2014,8,1,4,3,0.0,1058.482
2014-08-02,886.28,2014,8,2,5,3,228.328,465.0942857142857
2014-08-03,477.994,2014,8,3,6,3,886.28,450.51342857142856
2014-08-04,2743.154,2014,8,4,0,3,477.994,814.7994285714285
2014-08-05,2408.7239999999997,2014,8,5,1,3,2743.154,1158.902857142857
2014-08-06,262.89,2014,8,6,2,3,2408.7239999999997,1001.0528571428571
2014-08-07,0.0,2014,8,7,3,3,262.89,1001.0528571428571
2014-08-08,3955.629,2014,8,8,4,3,0.0,1533.5244285714286
2014-08-09,3605.6850000000004,2014,8,9,5,3,3955.629,1922.010857142857
2014-08-10,0.0,2014,8,10,6,3,3605.6850000000004,1853.726
2014-08-11,451.62,2014,8,11,0,3,0.0,1526.364
2014-08-12,1832.38,2014,8,12,1,3,451.62,1444.029142857143
2014-08-13,0.0,2014,8,13,2,3,1832.38,1406.4734285714287
2014-08-14,0.0,2014,8,14,3,3,0.0,1406.4734285714287
2014-08-15,842.7819999999999,2014,8,15,4,3,0.0,961.781
2014-08-16,853.092,2014,8,16,5,3,842.7819999999999,568.5534285714285
2014-08-17,500.342,2014,8,17,6,3,853.092,640.0308571428571
2014-08-18,0.0,2014,8,18,0,3,500.342,575.5137142857143
2014-08-19,1439.106,2014,8,19,1,3,0.0,519.3317142857143
2014-08-20,1838.722,2014,8,20,2,3,1439.106,782.0062857142857
2014-08-21,0.0,2014,8,21,3,3,1838.722,782.0062857142857
2014-08-22,23.104,2014,8,22,4,3,0.0,664.9094285714285
2014-08-23,565.224,2014,8,23,5,3,23.104,623.7854285714286
2014-08-24,59.74,2014,8,24,6,3,565.224,560.8422857142857
2014-08-25,1451.6499999999999,2014,8,25,0,3,59.74,768.2208571428572
2014-08-26,366.81,2014,8,26,1,3,1451.6499999999999,615.0357142857143
2014-08-27,2070.13,2014,8,27,2,3,366.81,648.0939999999999
2014-08-28,0.0,2014,8,28,3,3,2070.13,648.0939999999999
2014-08-29,832.3225,2014,8,29,4,3,0.0,763.6966428571428
2014-08-30,121.24,2014,8,30,5,3,832.3225,700.270357142857
2014-08-31,92.52,2014,8,31,6,3,121.24,704.9532142857142
2014-09-01,469.436,2014,9,1,0,3,92.52,564.6369285714286
2014-09-02,3254.15,2014,9,2,1,3,469.436,977.1140714285715
2014-09-03,22.08,2014,9,3,2,3,3254.15,684.5355000000001
2014-09-04,0.0,2014,9,4,3,3,22.08,684.5355000000001
2014-09-05,296.304,2014,9,5,4,3,0.0,607.9614285714285
2014-09-06,100.36,2014,9,6,5,3,296.304,604.9785714285715
2014-09-07,3523.875,2014,9,7,6,3,100.36,1095.172142857143
2014-09-08,14228.428,2014,9,8,0,3,3523.875,3060.7424285714287
2014-09-09,4043.5879999999997,2014,9,9,1,3,14228.428,3173.5192857142856
2014-09-10,1855.2279999999998,2014,9,10,2,3,4043.5879999999997,3435.397571428571
2014-09-11,127.95,2014,9,11,3,3,1855.2279999999998,3453.676142857143
2014-09-12,4904.66,2014,9,12,4,3,127.95,4112.0127142857145
2014-09-13,1275.408,2014,9,13,5,3,4904.66,4279.876714285714
2014-09-14,5023.716,2014,9,14,6,3,1275.408,4494.139714285714
2014-09-15,133.436,2014,9,15,0,3,5023.716,2480.5694285714285
2014-09-16,33.552,2014,9,16,1,3,133.436,1907.7071428571428
2014-09-17,820.523,2014,9,17,2,3,33.552,1759.892142857143
2014-09-18,0.0,2014,9,18,3,3,820.523,1741.6135714285715
2014-09-19,9338.637,2014,9,19,4,3,0.0,2375.038857142857
2014-09-20,5335.968000000001,2014,9,20,5,3,9338.637,2955.1188571428575
2014-09-21,2679.652,2014,9,21,6,3,5335.968000000001,2620.252571428572
2014-09-22,1240.266,2014,9,22,0,3,2679.652,2778.3711428571432
2014-09-23,10662.337000000001,2014,9,23,1,3,1240.266,4296.769
2014-09-24,211.96,2014,9,24,2,3,10662.337000000001,4209.831428571429
2014-09-25,354.88880000000006,2014,9,25,3,3,211.96,4260.529828571429
2014-09-26,1480.614,2014,9,26,4,3,354.88880000000006,3137.955114285715
2014-09-27,773.4399999999999,2014,9,27,5,3,1480.614,2486.1654000000003
2014-09-28,490.29200000000003,2014,9,28,6,3,773.4399999999999,2173.3996857142856
2014-09-29,8109.07,2014,9,29,0,3,490.29200000000003,3154.6574
2014-09-30,987.532,2014,9,30,1,3,8109.07,1772.5424
2014-10-01,4.71,2014,10,1,2,4,987.532,1742.9352571428572
2014-10-02,598.144,2014,10,2,3,4,4.71,1777.686
2014-10-03,862.683,2014,10,3,4,4,598.144,1689.4101428571428
2014-10-04,728.7479999999999,2014,10,4,5,4,862.683,1683.0255714285715
2014-10-05,191.9,2014,10,5,6,4,728.7479999999999,1640.3981428571426
2014-10-06,494.71,2014,10,6,0,4,191.9,552.6324285714286
2014-10-07,237.35999999999999,2014,10,7,1,4,494.71,445.465
2014-10-08,147.392,2014,10,8,2,4,237.35999999999999,465.8481428571428
2014-10-09,249.35999999999999,2014,10,9,3,4,147.392,416.0218571428572
2014-10-10,2049.386,2014,10,10,4,4,249.35999999999999,585.5508571428571
2014-10-11,1381.164,2014,10,11,5,4,2049.386,678.7531428571428
2014-10-12,58.53,2014,10,12,6,4,1381.164,659.7002857142858
2014-10-13,2212.182,2014,10,13,0,4,58.53,905.0534285714285
2014-10-14,4525.484,2014,10,14,1,4,2212.182,1517.6425714285713
2014-10-15,206.72400000000002,2014,10,15,2,4,4525.484,1526.1185714285714
2014-10-16,194.322,2014,10,16,3,4,206.72400000000002,1518.2559999999999
2014-10-17,136.068,2014,10,17,4,4,194.322,1244.9248571428568
2014-10-18,3134.916,2014,10,18,5,4,136.068,1495.4608571428573
2014-10-19,641.104,2014,10,19,6,4,3134.916,1578.685714285714
2014-10-20,1501.104,2014,10,20,0,4,641.104,1477.103142857143
2014-10-21,1356.602,2014,10,21,1,4,1501.104,1024.4057142857143
2014-10-22,223.808,2014,10,22,2,4,1356.602,1026.8462857142856
2014-10-23,0.0,2014,10,23,3,4,223.808,999.086
2014-10-24,56.49,2014,10,24,4,4,0.0,987.7177142857142
2014-10-25,103.882,2014,10,25,5,4,56.49,554.7128571428572
2014-10-26,447.88,2014,10,26,6,4,103.882,527.1094285714287
2014-10-27,22.32,2014,10,27,0,4,447.88,315.85457142857143
2014-10-28,1510.5819999999999,2014,10,28,1,4,22.32,337.8517142857143
2014-10-29,2813.8120000000004,2014,10,29,2,4,1510.5819999999999,707.8522857142858
2014-10-30,0.0,2014,10,30,3,4,2813.8120000000004,707.8522857142858
2014-10-31,5362.026,2014,10,31,4,4,0.0,1465.786
2014-11-01,4732.08,2014,11,1,5,4,5362.026,2126.957142857143
2014-11-02,2126.37,2014,11,2,6,4,4732.08,2366.7414285714285
2014-11-03,2784.163,2014,11,3,0,4,2126.37,2761.2904285714285
2014-11-04,6693.7480000000005,2014,11,4,1,4,2784.163,3501.7427142857146
2014-11-05,1694.564,2014,11,5,2,4,6693.7480000000005,3341.850142857143
2014-11-06,43.68,2014,11,6,3,4,1694.564,3348.090142857143
2014-11-07,1449.142,2014,11,7,4,4,43.68,2789.1067142857146
2014-11-08,333.576,2014,11,8,5,4,1449.142,2160.7490000000003
2014-11-09,1574.094,2014,11,9,6,4,333.576,2081.852428571429
2014-11-10,2002.556,2014,11,10,0,4,1574.094,1970.194285714286
2014-11-11,8114.548,2014,11,11,1,4,2002.556,2173.1657142857143
2014-11-12,1054.7612,2014,11,12,2,4,8114.548,2081.765314285714
2014-11-13,0.0,2014,11,13,3,4,1054.7612,2075.525314285714
2014-11-14,1034.73,2014,11,14,4,4,0.0,2016.3236
2014-11-15,1780.822,2014,11,15,5,4,1034.73,2223.0730285714285
2014-11-16,1355.9285,2014,11,16,6,4,1780.822,2191.9065285714287
2014-11-17,11544.274,2014,11,17,0,4,1355.9285,3555.0090999999998
2014-11-18,3406.855,2014,11,18,1,4,11544.274,2882.4815285714285
2014-11-19,7226.086,2014,11,19,2,4,3406.855,3764.0993571428576
2014-11-20,907.5600000000001,2014,11,20,3,4,7226.086,3893.7507857142855
2014-11-21,1249.622,2014,11,21,4,4,907.5600000000001,3924.449642857143
2014-11-22,1103.298,2014,11,22,5,4,1249.622,3827.6605000000004
2014-11-23,1363.28,2014,11,23,6,4,1103.298,3828.7107142857144
2014-11-24,5578.606,2014,11,24,0,4,1363.28,2976.4724285714287
2014-11-25,4415.695,2014,11,25,1,4,5578.606,3120.5924285714286
2014-11-26,1705.99,2014,11,26,2,4,4415.695,2332.0072857142854
2014-11-27,203.66,2014,11,27,3,4,1705.99,2231.450142857143
2014-11-28,2280.83,2014,11,28,4,4,203.66,2378.7655714285715
2014-11-29,649.044,2014,11,29,5,4,2280.83,2313.872142857143
2014-11-30,219.154,2014,11,30,6,4,649.044,2150.4255714285714
2014-12-01,5624.39,2014,12,1,0,4,219.154,2156.9661428571426
2014-12-02,1771.808,2014,12,2,1,4,5624.39,1779.268
2014-12-03,505.88,2014,12,3,2,4,1771.808,1607.8237142857142
2014-12-04,129.98,2014,12,4,3,4,505.88,1597.2980000000002
2014-12-05,2963.642,2014,12,5,4,4,129.98,1694.8425714285715
2014-12-06,1970.978,2014,12,6,5,4,2963.642,1883.6902857142857
2014-12-07,548.4,2014,12,7,6,4,1970.978,1930.7254285714284
2014-12-08,1095.12,2014,12,8,0,4,548.4,1283.6868571428572
2014-12-09,1522.652,2014,12,9,1,4,1095.12,1248.0931428571428
2014-12-10,573.336,2014,12,10,2,4,1522.652,1257.7297142857144
2014-12-11,0.0,2014,12,11,3,4,573.336,1239.1611428571427
2014-12-12,4938.4045,2014,12,12,4,4,0.0,1521.2700714285713
2014-12-13,293.152,2014,12,13,5,4,4938.4045,1281.580642857143
2014-12-14,7641.658,2014,12,14,6,4,293.152,2294.9032142857145
2014-12-15,1264.466,2014,12,15,0,4,7641.658,2319.0955
2014-12-16,4394.187,2014,12,16,1,4,1264.466,2729.314785714286
2014-12-17,45.534,2014,12,17,2,4,4394.187,2653.9145
2014-12-18,0.0,2014,12,18,3,4,45.534,2653.9145
2014-12-19,3436.7599999999998,2014,12,19,4,4,0.0,2439.3938571428566
2014-12-20,6962.4400000000005,2014,12,20,5,4,3436.7599999999998,3392.149285714286
2014-12-21,1933.44,2014,12,21,6,4,6962.4400000000005,2576.689571428571
2014-12-22,798.968,2014,12,22,0,4,1933.44,2510.189857142857
2014-12-23,942.108,2014,12,23,1,4,798.968,2017.0357142857142
2014-12-24,1950.202,2014,12,24,2,4,942.108,2289.131142857143
2014-12-25,0.0,2014,12,25,3,4,1950.202,2289.131142857143
2014-12-26,2041.414,2014,12,26,4,4,0.0,2089.796
2014-12-27,2966.388,2014,12,27,5,4,2041.414,1518.9314285714286
2014-12-28,3732.2960000000003,2014,12,28,6,4,2966.388,1775.9108571428571
2014-12-29,2072.096,2014,12,29,0,4,3732.2960000000003,1957.786285714286
2014-12-30,2172.6510000000003,2014,12,30,1,4,2072.096,2133.578142857143
2014-12-31,5253.2699999999995,2014,12,31,2,4,2172.6510000000003,2605.445
2015-01-01,0.0,2015,1,1,3,1,5253.2699999999995,2605.445
2015-01-02,1932.096,2015,1,2,4,1,0.0,2589.8281428571427
2015-01-03,1768.2215999999999,2015,1,3,5,1,1932.096,2418.6615142857145
2015-01-04,264.46000000000004,2015,1,4,6,1,1768.2215999999999,1923.2563714285714
2015-01-05,295.272,2015,1,5,0,1,264.46000000000004,1669.4243714285712
2015-01-06,31.538,2015,1,6,1,1,295.272,1363.5510857142856
2015-01-07,0.0,2015,1,7,2,1,31.538,613.0839428571428
2015-01-08,0.0,2015,1,8,3,1,0.0,613.0839428571428
2015-01-09,364.07,2015,1,9,4,1,0.0,389.08022857142856
2015-01-10,1018.104,2015,1,10,5,1,364.07,281.9205714285714
2015-01-11,0.0,2015,1,11,6,1,1018.104,244.1405714285714
2015-01-12,854.614,2015,1,12,0,1,0.0,324.04657142857144
2015-01-13,622.278,2015,1,13,1,1,854.614,408.43800000000005
2015-01-14,0.0,2015,1,14,2,1,622.278,408.43800000000005
2015-01-15,0.0,2015,1,15,3,1,0.0,408.43800000000005
2015-01-16,0.0,2015,1,16,4,1,0.0,356.428
2015-01-17,350.384,2015,1,17,5,1,0.0,261.03942857142863
2015-01-18,0.0,2015,1,18,6,1,350.384,261.03942857142863
2015-01-19,301.742,2015,1,19,0,1,0.0,182.0577142857143
2015-01-20,0.0,2015,1,20,1,1,301.742,93.16085714285714
2015-01-21,0.0,2015,1,21,2,1,0.0,93.16085714285714
2015-01-22,0.0,2015,1,22,3,1,0.0,93.16085714285714
2015-01-23,43.66,2015,1,23,4,1,0.0,99.39800000000001
2015-01-24,13.12,2015,1,24,5,1,43.66,51.21742857142857
2015-01-25,0.0,2015,1,25,6,1,13.12,51.21742857142857
2015-01-26,182.72,2015,1,26,0,1,0.0,34.214285714285715
2015-01-27,3573.252,2015,1,27,1,1,182.72,544.6788571428572
2015-01-28,4297.644,2015,1,28,2,1,3573.252,1158.6280000000002
2015-01-29,0.0,2015,1,29,3,1,4297.644,1158.6280000000002
2015-01-30,2161.6400000000003,2015,1,30,4,1,0.0,1461.1965714285714
2015-01-31,99.26,2015,1,31,5,1,2161.6400000000003,1473.5022857142856
2015-02-01,0.0,2015,2,1,6,1,99.26,1473.5022857142856
2015-02-02,0.0,2015,2,2,0,1,0.0,1447.3994285714286
2015-02-03,492.836,2015,2,3,1,1,0.0,1007.3400000000001
2015-02-04,0.0,2015,2,4,2,1,492.836,393.3908571428572
2015-02-05,0.0,2015,2,5,3,1,0.0,393.3908571428572
2015-02-06,2432.544,2015,2,6,4,1,0.0,432.09142857142854
2015-02-07,324.10999999999996,2015,2,7,5,1,2432.544,464.2128571428571
2015-02-08,129.09199999999998,2015,2,8,6,1,324.10999999999996,482.65457142857133
2015-02-09,785.5519999999999,2015,2,9,0,1,129.09199999999998,594.8762857142857
2015-02-10,77.24,2015,2,10,1,1,785.5519999999999,535.5054285714285
2015-02-11,0.0,2015,2,11,2,1,77.24,535.5054285714285
2015-02-12,0.0,2015,2,12,3,1,0.0,535.5054285714285
2015-02-13,0.0,2015,2,13,4,1,0.0,187.99914285714286
2015-02-14,1079.962,2015,2,14,5,1,0.0,295.978
2015-02-15,1602.38,2015,2,15,6,1,1079.962,506.4477142857143
2015-02-16,160.43,2015,2,16,0,1,1602.38,417.14457142857145
2015-02-17,0.0,2015,2,17,1,1,160.43,406.1102857142857
2015-02-18,105.844,2015,2,18,2,1,0.0,421.23085714285713
2015-02-19,0.0,2015,2,19,3,1,105.844,421.23085714285713
2015-02-20,316.78000000000003,2015,2,20,4,1,0.0,466.4851428571429
2015-02-21,2591.1,2015,2,21,5,1,316.78000000000003,682.362
2015-02-22,79.36,2015,2,22,6,1,2591.1,464.7877142857143
2015-02-23,37.775999999999996,2015,2,23,0,1,79.36,447.2657142857143
2015-02-24,0.0,2015,2,24,1,1,37.775999999999996,447.2657142857143
2015-02-25,25.869999999999997,2015,2,25,2,1,0.0,435.84085714285715
2015-02-26,0.0,2015,2,26,3,1,25.869999999999997,435.84085714285715
2015-02-27,1159.2710000000002,2015,2,27,4,1,0.0,556.1967142857144
2015-02-28,551.264,2015,2,28,5,1,1159.2710000000002,264.79157142857144
2015-03-01,1642.1743999999999,2015,3,1,6,1,551.264,488.05077142857147
2015-03-02,899.5699999999999,2015,3,2,0,1,1642.1743999999999,611.1642
2015-03-03,0.0,2015,3,3,1,1,899.5699999999999,611.1642
2015-03-04,0.0,2015,3,4,2,1,0.0,607.4684857142856
2015-03-05,1969.267,2015,3,5,3,1,0.0,888.7923428571429
2015-03-06,1555.244,2015,3,6,4,1,1969.267,945.3599142857144
2015-03-07,807.54,2015,3,7,5,1,1555.244,981.9707714285714
2015-03-08,2563.2960000000003,2015,3,8,6,1,807.54,1113.5595714285714
2015-03-09,478.008,2015,3,9,0,1,2563.2960000000003,1053.3364285714285
2015-03-10,90.93199999999999,2015,3,10,1,1,478.008,1066.3267142857142
2015-03-11,0.0,2015,3,11,2,1,90.93199999999999,1066.3267142857142
2015-03-12,51.016000000000005,2015,3,12,3,1,0.0,792.2908571428571
2015-03-13,1384.856,2015,3,13,4,1,51.016000000000005,767.9497142857143
2015-03-14,707.9000000000001,2015,3,14,5,1,1384.856,753.7154285714286
2015-03-15,16.776,2015,3,15,6,1,707.9000000000001,389.9268571428571
2015-03-16,7230.209999999999,2015,3,16,0,1,16.776,1354.5271428571427
2015-03-17,48.84,2015,3,17,1,1,7230.209999999999,1348.5139999999997
2015-03-18,0.0,2015,3,18,2,1,48.84,1348.5139999999997
2015-03-19,5652.9396,2015,3,19,3,1,0.0,2148.7888
2015-03-20,1548.194,2015,3,20,4,1,5652.9396,2172.1227999999996
2015-03-21,1270.3790000000001,2015,3,21,5,1,1548.194,2252.4769428571426
2015-03-22,2481.424,2015,3,22,6,1,1270.3790000000001,2604.5695142857144
2015-03-23,633.302,2015,3,23,0,1,2481.424,1662.1540857142859
2015-03-24,412.95,2015,3,24,1,1,633.302,1714.1698
2015-03-25,0.0,2015,3,25,2,1,412.95,1714.1698
2015-03-26,4623.37,2015,3,26,3,1,0.0,1567.0884285714285
2015-03-27,83.7,2015,3,27,4,1,4623.37,1357.875
2015-03-28,243.344,2015,3,28,5,1,83.7,1211.1557142857143
2015-03-29,1559.0800000000002,2015,3,29,6,1,243.344,1079.3922857142857
2015-03-30,571.224,2015,3,30,0,1,1559.0800000000002,1070.524
2015-03-31,200.716,2015,3,31,1,1,571.224,1040.204857142857
2015-04-01,0.0,2015,4,1,2,2,200.716,1040.204857142857
2015-04-02,299.22,2015,4,2,3,2,0.0,422.4691428571428
2015-04-03,0.0,2015,4,3,4,2,299.22,410.512
2015-04-04,1484.598,2015,4,4,5,2,0.0,587.834
2015-04-05,2974.058,2015,4,5,6,2,1484.598,789.9737142857141
2015-04-06,140.004,2015,4,6,0,2,2974.058,728.3708571428571
2015-04-07,907.436,2015,4,7,1,2,140.004,829.330857142857
2015-04-08,0.0,2015,4,8,2,2,907.436,829.330857142857
2015-04-09,757.992,2015,4,9,3,2,0.0,894.8697142857143
2015-04-10,169.54199999999997,2015,4,10,4,2,757.992,919.0899999999999
2015-04-11,1328.346,2015,4,11,5,2,169.54199999999997,896.7682857142856
2015-04-12,40.74,2015,4,12,6,2,1328.346,477.7228571428571
2015-04-13,3192.6780000000003,2015,4,13,0,2,40.74,913.8191428571429
2015-04-14,35.208,2015,4,14,1,2,3192.6780000000003,789.215142857143
2015-04-15,0.0,2015,4,15,2,2,35.208,789.2151428571427
2015-04-16,4161.972,2015,4,16,3,2,0.0,1275.498
2015-04-17,2745.106,2015,4,17,4,2,4161.972,1643.4357142857145
2015-04-18,2006.96,2015,4,18,5,2,2745.106,1740.3805714285713
2015-04-19,329.96,2015,4,19,6,2,2006.96,1781.6977142857143
2015-04-20,1194.726,2015,4,20,0,2,329.96,1496.276
2015-04-21,893.0899999999999,2015,4,21,1,2,1194.726,1618.8305714285711
2015-04-22,152.916,2015,4,22,2,2,893.0899999999999,1640.6757142857143
2015-04-23,0.0,2015,4,23,3,2,152.916,1046.1082857142858
2015-04-24,25.99,2015,4,24,4,2,0.0,657.6631428571428
2015-04-25,920.946,2015,4,25,5,2,25.99,502.51828571428575
2015-04-26,2090.1055,2015,4,26,6,2,920.946,753.9676428571429
2015-04-27,2719.59,2015,4,27,0,2,2090.1055,971.8053571428572
2015-04-28,4044.3619999999996,2015,4,28,1,2,2719.59,1421.9870714285714
2015-04-29,7.968,2015,4,29,2,2,4044.3619999999996,1401.2802142857145
2015-04-30,1571.695,2015,4,30,3,2,7.968,1625.8080714285716
2015-05-01,450.94,2015,5,1,4,2,1571.695,1686.5152142857144
2015-05-02,167.232,2015,5,2,5,2,450.94,1578.8417857142856
2015-05-03,2198.76,2015,5,3,6,2,167.232,1594.363857142857
2015-05-04,1121.362,2015,5,4,0,2,2198.76,1366.0455714285713
2015-05-05,0.0,2015,5,5,1,2,1121.362,788.2795714285714
2015-05-06,0.0,2015,5,6,2,2,0.0,787.1412857142858
2015-05-07,305.622,2015,5,7,3,2,0.0,606.2737142857143
2015-05-08,3981.968,2015,5,8,4,2,305.622,1110.7062857142857
2015-05-09,48.81,2015,5,9,5,2,3981.968,1093.788857142857
2015-05-10,154.442,2015,5,10,6,2,48.81,801.7434285714286
2015-05-11,191.968,2015,5,11,0,2,154.442,668.972857142857
2015-05-12,1060.35,2015,5,12,1,2,191.968,820.4514285714286
2015-05-13,238.384,2015,5,13,2,2,1060.35,854.5062857142857
2015-05-14,3141.1994999999997,2015,5,14,3,2,238.384,1259.5887857142857
2015-05-15,69.908,2015,5,15,4,2,3141.1994999999997,700.7230714285714
2015-05-16,255.968,2015,5,16,5,2,69.908,730.3170714285714
2015-05-17,134.46800000000002,2015,5,17,6,2,255.968,727.4636428571428
2015-05-18,10.86,2015,5,18,0,2,134.46800000000002,701.5910714285714
2015-05-19,0.0,2015,5,19,1,2,10.86,550.1125
2015-05-20,169.54399999999998,2015,5,20,2,2,0.0,540.2782142857143
2015-05-21,72.332,2015,5,21,3,2,169.54399999999998,101.86857142857141
2015-05-22,3862.0980000000004,2015,5,22,4,2,72.332,643.61
2015-05-23,1304.956,2015,5,23,5,2,3862.0980000000004,793.4654285714287
2015-05-24,610.3069999999999,2015,5,24,6,2,1304.956,861.4424285714286
2015-05-25,1739.4180000000001,2015,5,25,0,2,610.3069999999999,1108.3792857142857
2015-05-26,982.5640000000001,2015,5,26,1,2,1739.4180000000001,1248.7455714285716
2015-05-27,0.0,2015,5,27,2,2,982.5640000000001,1224.525
2015-05-28,794.146,2015,5,28,3,2,0.0,1327.6412857142857
2015-05-29,1204.842,2015,5,29,4,2,794.146,948.0332857142857
2015-05-30,681.1,2015,5,30,5,2,1204.842,858.9110000000001
2015-05-31,5178.138,2015,5,31,6,2,681.1,1511.4582857142857
2015-06-01,834.1980000000001,2015,6,1,0,2,5178.138,1382.141142857143
2015-06-02,0.0,2015,6,2,1,2,834.1980000000001,1241.7748571428572
2015-06-03,0.0,2015,6,3,2,2,0.0,1241.7748571428572
2015-06-04,1192.31,2015,6,4,3,2,0.0,1298.6554285714285
2015-06-05,1533.1979999999999,2015,6,5,4,2,1192.31,1345.5634285714284
2015-06-06,0.0,2015,6,6,5,2,1533.1979999999999,1248.2634285714284
2015-06-07,59.768,2015,6,7,6,2,0.0,517.0677142857143
2015-06-08,1083.112,2015,6,8,0,2,59.768,552.6268571428571
2015-06-09,797.116,2015,6,9,1,2,1083.112,666.5005714285714
2015-06-10,0.0,2015,6,10,2,2,797.116,666.5005714285714
2015-06-11,3373.5640000000003,2015,6,11,3,2,0.0,978.1082857142857
2015-06-12,174.476,2015,6,12,4,2,3373.5640000000003,784.0051428571429
2015-06-13,1128.898,2015,6,13,5,2,174.476,945.2762857142858
2015-06-14,51.072,2015,6,14,6,2,1128.898,944.034
2015-06-15,734.144,2015,6,15,0,2,51.072,894.1814285714287
2015-06-16,3443.904,2015,6,16,1,2,734.144,1272.294
2015-06-17,0.0,2015,6,17,2,2,3443.904,1272.294
2015-06-18,1883.087,2015,6,18,3,2,0.0,1059.3687142857143
2015-06-19,446.346,2015,6,19,4,2,1883.087,1098.2072857142857
2015-06-20,829.544,2015,6,20,5,2,446.346,1055.4424285714285
2015-06-21,107.976,2015,6,21,6,2,829.544,1063.5715714285714
2015-06-22,2018.953,2015,6,22,0,2,107.976,1247.1157142857141
2015-06-23,836.9580000000001,2015,6,23,1,2,2018.953,874.6948571428571
2015-06-24,0.0,2015,6,24,2,2,836.9580000000001,874.6948571428571
2015-06-25,857.08,2015,6,25,3,2,0.0,728.1224285714287
2015-06-26,1592.1960000000001,2015,6,26,4,2,857.08,891.8152857142858
2015-06-27,0.0,2015,6,27,5,2,1592.1960000000001,773.3090000000001
2015-06-28,1386.466,2015,6,28,6,2,0.0,955.9504285714286
2015-06-29,432.92600000000004,2015,6,29,0,2,1386.466,729.3751428571429
2015-06-30,0.0,2015,6,30,1,2,432.92600000000004,609.8097142857142
2015-07-01,0.0,2015,7,1,2,3,0.0,609.8097142857142
2015-07-02,1631.902,2015,7,2,3,3,0.0,720.4985714285714
2015-07-03,823.982,2015,7,3,4,3,1631.902,610.7537142857143
2015-07-04,1138.288,2015,7,4,5,3,823.982,773.3662857142857
2015-07-05,121.646,2015,7,5,6,3,1138.288,592.6777142857143
2015-07-06,1379.812,2015,7,6,0,3,121.646,727.9471428571429
2015-07-07,0.0,2015,7,7,1,3,1379.812,727.9471428571429
2015-07-08,21.12,2015,7,8,2,3,0.0,730.9642857142857
2015-07-09,1587.114,2015,7,9,3,3,21.12,724.5659999999999
2015-07-10,43.286,2015,7,10,4,3,1587.114,613.0379999999999
2015-07-11,1941.952,2015,7,11,5,3,43.286,727.8471428571429
2015-07-12,2052.567,2015,7,12,6,3,1941.952,1003.6930000000001
2015-07-13,2033.2559999999999,2015,7,13,0,3,2052.567,1097.0421428571428
2015-07-14,860.9159999999999,2015,7,14,1,3,2033.2559999999999,1220.0301428571427
2015-07-15,0.0,2015,7,15,2,3,860.9159999999999,1217.0129999999997
2015-07-16,3029.386,2015,7,16,3,3,0.0,1423.051857142857
2015-07-17,448.082,2015,7,17,4,3,3029.386,1480.8798571428572
2015-07-18,672.418,2015,7,18,5,3,448.082,1299.517857142857
2015-07-19,2.025,2015,7,19,6,3,672.418,1006.5832857142856
2015-07-20,2693.168,2015,7,20,0,3,2.025,1100.8564285714285
2015-07-21,0.0,2015,7,21,1,3,2693.168,977.8684285714286
2015-07-22,0.0,2015,7,22,2,3,0.0,977.8684285714286
2015-07-23,208.272,2015,7,23,3,3,0.0,574.8521428571429
2015-07-24,525.95,2015,7,24,4,3,208.272,585.9761428571429
2015-07-25,2395.024,2015,7,25,5,3,525.95,832.0627142857144
2015-07-26,969.225,2015,7,26,6,3,2395.024,970.2341428571428
2015-07-27,29.97,2015,7,27,0,3,969.225,589.7772857142857
2015-07-28,0.0,2015,7,28,1,3,29.97,589.7772857142857
2015-07-29,0.0,2015,7,29,2,3,0.0,589.7772857142857
2015-07-30,443.802,2015,7,30,3,3,0.0,623.4244285714285
2015-07-31,3712.162,2015,7,31,4,3,443.802,1078.5975714285714
2015-08-01,1011.696,2015,8,1,5,3,3712.162,880.9792857142857
2015-08-02,1290.478,2015,8,2,6,3,1011.696,926.8725714285713
2015-08-03,0.0,2015,8,3,0,3,1290.478,922.5911428571428
2015-08-04,0.0,2015,8,4,1,3,0.0,922.5911428571428
2015-08-05,72.65,2015,8,5,2,3,0.0,932.9697142857142
2015-08-06,494.86920000000003,2015,8,6,3,3,72.65,940.2650285714284
2015-08-07,968.206,2015,8,7,4,3,494.86920000000003,548.2713142857143
2015-08-08,840.102,2015,8,8,5,3,968.206,523.7578857142857
2015-08-09,4878.392000000001,2015,8,9,6,3,840.102,1036.3170285714289
2015-08-10,851.4739999999999,2015,8,10,0,3,4878.392000000001,1157.9561714285715
2015-08-11,196.112,2015,8,11,1,3,851.4739999999999,1185.9721714285715
2015-08-12,0.0,2015,8,12,2,3,196.112,1175.5936000000002
2015-08-13,586.896,2015,8,13,3,3,0.0,1188.7402857142858
2015-08-14,0.0,2015,8,14,4,3,586.896,1050.4251428571429
2015-08-15,497.59000000000003,2015,8,15,5,3,0.0,1001.4948571428573
2015-08-16,3378.9320000000002,2015,8,16,6,3,497.59000000000003,787.2862857142857
2015-08-17,381.64,2015,8,17,0,3,3378.9320000000002,720.1671428571428
2015-08-18,0.0,2015,8,18,1,3,381.64,692.1511428571429
2015-08-19,0.0,2015,8,19,2,3,0.0,692.1511428571429
2015-08-20,0.0,2015,8,20,3,3,0.0,608.3088571428572
2015-08-21,2827.52,2015,8,21,4,3,0.0,1012.2402857142857
2015-08-22,66.632,2015,8,22,5,3,2827.52,950.674857142857
2015-08-23,1202.278,2015,8,23,6,3,66.632,639.7242857142857
2015-08-24,7194.775000000001,2015,8,24,0,3,1202.278,1613.0292857142856
2015-08-25,178.52599999999998,2015,8,25,1,3,7194.775000000001,1638.533
2015-08-26,0.0,2015,8,26,2,3,178.52599999999998,1638.533
2015-08-27,639.9739999999999,2015,8,27,3,3,0.0,1729.9578571428572
2015-08-28,6491.293,2015,8,28,4,3,639.9739999999999,2253.3540000000003
2015-08-29,246.5,2015,8,29,5,3,6491.293,2279.0494285714285
2015-08-30,0.0,2015,8,30,6,3,246.5,2107.2954285714286
2015-08-31,2601.797,2015,8,31,0,3,0.0,1451.1557142857143
2015-09-01,2367.564,2015,9,1,1,3,2601.797,1763.8754285714288
2015-09-02,0.0,2015,9,2,2,3,2367.564,1763.8754285714288
2015-09-03,1874.898,2015,9,3,3,3,0.0,1940.2931428571428
2015-09-04,1071.284,2015,9,4,4,3,1874.898,1166.0061428571428
2015-09-05,934.1030000000001,2015,9,5,5,3,1071.284,1264.235142857143
2015-09-06,1005.654,2015,9,6,6,3,934.1030000000001,1407.8999999999999
2015-09-07,2922.667,2015,9,7,0,3,1005.654,1453.7385714285713
2015-09-08,89.64,2015,9,8,1,3,2922.667,1128.3208571428572
2015-09-09,0.0,2015,9,9,2,3,89.64,1128.3208571428572
2015-09-10,1415.726,2015,9,10,3,3,0.0,1062.724857142857
2015-09-11,1962.13,2015,9,11,4,3,1415.726,1189.9885714285715
2015-09-12,707.824,2015,9,12,5,3,1962.13,1157.663
2015-09-13,3445.772,2015,9,13,6,3,707.824,1506.2512857142858
2015-09-14,3262.42,2015,9,14,0,3,3445.772,1554.7874285714286
2015-09-15,2535.85,2015,9,15,1,3,3262.42,1904.2460000000003
2015-09-16,31.12,2015,9,16,2,3,2535.85,1908.6917142857144
2015-09-17,11525.006,2015,9,17,3,3,31.12,3352.8745714285715
2015-09-18,3924.32,2015,9,18,4,3,11525.006,3633.1874285714284
2015-09-19,500.38,2015,9,19,5,3,3924.32,3603.5525714285714
2015-09-20,1836.052,2015,9,20,6,3,500.38,3373.592571428572
2015-09-21,6982.058,2015,9,21,0,3,1836.052,3904.9694285714286
2015-09-22,1783.504,2015,9,22,1,3,6982.058,3797.4914285714285
2015-09-23,0.0,2015,9,23,2,3,1783.504,3793.0457142857135
2015-09-24,4220.594,2015,9,24,3,3,0.0,2749.558285714286
2015-09-25,3033.757,2015,9,25,4,3,4220.594,2622.335
2015-09-26,3722.273,2015,9,26,5,3,3033.757,3082.605428571428
2015-09-27,2382.958,2015,9,27,6,3,3722.273,3160.734857142857
2015-09-28,1058.364,2015,9,28,0,3,2382.958,2314.4928571428572
2015-09-29,0.0,2015,9,29,1,3,1058.364,2059.7065714285714
2015-09-30,0.0,2015,9,30,2,3,0.0,2059.7065714285714
2015-10-01,1158.414,2015,10,1,3,4,0.0,1622.2522857142856
2015-10-02,1269.266,2015,10,2,4,4,1158.414,1370.1821428571432
2015-10-03,275.218,2015,10,3,5,4,1269.266,877.7457142857141
2015-10-04,505.58,2015,10,4,6,4,275.218,609.5488571428572
2015-10-05,851.092,2015,10,5,0,4,505.58,579.9385714285714
2015-10-06,0.0,2015,10,6,1,4,851.092,579.9385714285714
2015-10-07,0.0,2015,10,7,2,4,0.0,579.9385714285714
2015-10-08,222.12,2015,10,8,3,4,0.0,446.1822857142857
2015-10-09,2133.5350000000003,2015,10,9,4,4,222.12,569.6492857142857
2015-10-10,2248.194,2015,10,10,5,4,2133.5350000000003,851.503
2015-10-11,1011.8955,2015,10,11,6,4,2248.194,923.8337857142858
2015-10-12,2390.758,2015,10,12,0,4,1011.8955,1143.7860714285714
2015-10-13,371.65999999999997,2015,10,13,1,4,2390.758,1196.8803571428573
2015-10-14,0.0,2015,10,14,2,4,371.65999999999997,1196.8803571428573
2015-10-15,3219.554,2015,10,15,3,4,0.0,1625.0852142857143
2015-10-16,824.97,2015,10,16,4,4,3219.554,1438.1473571428573
2015-10-17,77.88,2015,10,17,5,4,824.97,1128.1025000000002
2015-10-18,378.494,2015,10,18,6,4,77.88,1037.6165714285714
2015-10-19,2135.09,2015,10,19,0,4,378.494,1001.0925714285715
2015-10-20,720.086,2015,10,20,1,4,2135.09,1050.8677142857143
2015-10-21,0.0,2015,10,21,2,4,720.086,1050.8677142857143
2015-10-22,15.128,2015,10,22,3,4,0.0,593.0925714285715
2015-10-23,2262.296,2015,10,23,4,4,15.128,798.4248571428571
2015-10-24,831.145,2015,10,24,5,4,2262.296,906.0341428571428
2015-10-25,1425.412,2015,10,25,6,4,831.145,1055.5938571428571
2015-10-26,1395.333,2015,10,26,0,4,1425.412,949.9142857142858
2015-10-27,0.0,2015,10,27,1,4,1395.333,847.0448571428572
2015-10-28,104.51,2015,10,28,2,4,0.0,861.9748571428572
2015-10-29,244.24,2015,10,29,3,4,104.51,894.705142857143
2015-10-30,2122.044,2015,10,30,4,4,244.24,874.669142857143
2015-10-31,3211.009,2015,10,31,5,4,2122.044,1214.6497142857145
2015-11-01,3106.1059999999998,2015,11,1,6,4,3211.009,1454.748857142857
2015-11-02,5528.551,2015,11,2,0,4,3106.1059999999998,2045.2085714285715
2015-11-03,2800.846,2015,11,3,1,4,5528.551,2445.3294285714287
2015-11-04,0.0,2015,11,4,2,4,2800.846,2430.399428571429
2015-11-05,834.874,2015,11,5,3,4,0.0,2514.7757142857145
2015-11-06,11.481,2015,11,6,4,4,834.874,2213.2667142857144
2015-11-07,3073.073,2015,11,7,5,4,11.481,2193.5615714285714
2015-11-08,12196.997,2015,11,8,6,4,3073.073,3492.2602857142856
2015-11-09,4620.2919999999995,2015,11,9,0,4,12196.997,3362.5090000000005
2015-11-10,3536.904,2015,11,10,1,4,4620.2919999999995,3467.6601428571425
2015-11-11,542.178,2015,11,11,2,4,3536.904,3545.1141428571427
2015-11-12,1127.992,2015,11,12,3,4,542.178,3586.9881428571425
2015-11-13,3591.0771999999997,2015,11,13,4,4,1127.992,4098.359028571428
2015-11-14,2512.71,2015,11,14,5,4,3591.0771999999997,4018.3071714285716
2015-11-15,702.17,2015,11,15,6,4,2512.71,2376.1890285714285
2015-11-16,4072.334,2015,11,16,0,4,702.17,2297.909314285714
2015-11-17,3885.986,2015,11,17,1,4,4072.334,2347.778171428571
2015-11-18,0.0,2015,11,18,2,4,3885.986,2270.3241714285714
2015-11-19,1040.784,2015,11,19,3,4,0.0,2257.865885714286
2015-11-20,2861.15,2015,11,20,4,4,1040.784,2153.5905714285714
2015-11-21,3613.5748,2015,11,21,5,4,2861.15,2310.856971428572
2015-11-22,614.499,2015,11,22,6,4,3613.5748,2298.332542857143
2015-11-23,3450.1879999999996,2015,11,23,0,4,614.499,2209.4545428571428
2015-11-24,1218.7640000000001,2015,11,24,1,4,3450.1879999999996,1828.4228285714287
2015-11-25,13.12,2015,11,25,2,4,1218.7640000000001,1830.2971142857145
2015-11-26,1484.0819999999999,2015,11,26,3,4,13.12,1893.6253999999997
2015-11-27,3109.7835,2015,11,27,4,4,1484.0819999999999,1929.1444714285713
2015-11-28,1864.482,2015,11,28,5,4,3109.7835,1679.2740714285715
2015-11-29,2760.168,2015,11,29,6,4,1864.482,1985.7982142857143
2015-11-30,1798.3970000000002,2015,11,30,0,4,2760.168,1749.8280714285713
2015-12-01,7130.594,2015,12,1,1,4,1798.3970000000002,2594.3752142857143
2015-12-02,0.0,2015,12,2,2,4,7130.594,2592.500928571429
2015-12-03,1972.645,2015,12,3,3,4,0.0,2662.2956428571424
2015-12-04,5185.814,2015,12,4,4,4,1972.645,2958.871428571429
2015-12-05,897.322,2015,12,5,5,4,5185.814,2820.7057142857147
2015-12-06,6061.502,2015,12,6,6,4,897.322,3292.324857142857
2015-12-07,1338.298,2015,12,7,0,4,6061.502,3226.5964285714285
2015-12-08,2672.728,2015,12,8,1,4,1338.298,2589.758428571429
2015-12-09,34.02,2015,12,9,2,4,2672.728,2594.618428571429
2015-12-10,3080.38,2015,12,10,3,4,34.02,2752.866285714286
2015-12-11,1590.894,2015,12,11,4,4,3080.38,2239.306285714286
2015-12-12,1448.854,2015,12,12,5,4,1590.894,2318.096571428571
2015-12-13,1023.386,2015,12,13,6,4,1448.854,1598.3657142857141
2015-12-14,858.304,2015,12,14,0,4,1023.386,1529.7951428571428
2015-12-15,5494.796,2015,12,15,1,4,858.304,1932.9477142857143
2015-12-16,4.98,2015,12,16,2,4,5494.796,1928.7991428571427
2015-12-17,1918.492,2015,12,17,3,4,4.98,1762.815142857143
2015-12-18,935.288,2015,12,18,4,4,1918.492,1669.1571428571428
2015-12-19,6120.656,2015,12,19,5,4,935.288,2336.5574285714283
2015-12-20,1107.464,2015,12,20,6,4,6120.656,2348.5685714285714
2015-12-21,3257.7599999999998,2015,12,21,0,4,1107.464,2691.3480000000004
2015-12-22,473.313,2015,12,22,1,4,3257.7599999999998,1973.9932857142855
2015-12-23,194.32,2015,12,23,2,4,473.313,2001.041857142857
2015-12-24,7484.566000000001,2015,12,24,3,4,194.32,2796.195285714286
2015-12-25,4204.968,2015,12,25,4,4,7484.566000000001,3263.2924285714284
2015-12-26,561.486,2015,12,26,5,4,4204.968,2469.125285714286
2015-12-27,5148.4472,2015,12,27,6,4,561.486,3046.4086
2015-12-28,79.2,2015,12,28,0,4,5148.4472,2592.3286
2015-12-29,6.36,2015,12,29,1,4,79.2,2525.6210285714287
2015-12-30,3251.34,2015,12,30,2,4,6.36,2962.3381714285715
2015-12-31,1381.344,2015,12,31,3,4,3251.34,2090.449314285714
2016-01-01,0.0,2016,1,1,4,1,1381.344,1489.7396
2016-01-02,405.91999999999996,2016,1,2,5,1,0.0,1467.5158857142856
2016-01-03,2095.83,2016,1,3,6,1,405.91999999999996,1031.4277142857143
2016-01-04,1069.22,2016,1,4,0,1,2095.83,1172.859142857143
2016-01-05,255.904,2016,1,5,1,1,1069.22,1208.5082857142856
2016-01-06,0.0,2016,1,6,2,1,255.904,744.0311428571429
2016-01-07,83.576,2016,1,7,3,1,0.0,558.6357142857142
2016-01-08,1859.1580000000001,2016,1,8,4,1,83.576,824.2297142857143
2016-01-09,743.0459999999999,2016,1,9,5,1,1859.1580000000001,872.3905714285714
2016-01-10,174.75,2016,1,10,6,1,743.0459999999999,597.9505714285715
2016-01-11,149.444,2016,1,11,0,1,174.75,466.554
2016-01-12,0.0,2016,1,12,1,1,149.444,429.99628571428576
2016-01-13,0.0,2016,1,13,2,1,0.0,429.99628571428576
2016-01-14,405.344,2016,1,14,3,1,0.0,475.9631428571429
2016-01-15,701.923,2016,1,15,4,1,405.344,310.64385714285714
2016-01-16,102.21799999999999,2016,1,16,5,1,701.923,219.097
2016-01-17,1040.55,2016,1,17,6,1,102.21799999999999,342.78271428571435
2016-01-18,0.0,2016,1,18,0,1,1040.55,321.4335714285714
2016-01-19,0.0,2016,1,19,1,1,0.0,321.4335714285714
2016-01-20,0.0,2016,1,20,2,1,0.0,321.4335714285714
2016-01-21,1167.056,2016,1,21,3,1,0.0,430.24957142857147
2016-01-22,917.63,2016,1,22,4,1,1167.056,461.0648571428571
2016-01-23,1732.3,2016,1,23,5,1,917.63,693.9337142857142
2016-01-24,31.36,2016,1,24,6,1,1732.3,549.7637142857143
2016-01-25,858.712,2016,1,25,0,1,31.36,672.4368571428571
2016-01-26,0.0,2016,1,26,1,1,858.712,672.4368571428571
2016-01-27,0.0,2016,1,27,2,1,0.0,672.4368571428571
2016-01-28,39.68,2016,1,28,3,1,0.0,511.38314285714284
2016-01-29,0.0,2016,1,29,4,1,39.68,380.29314285714287
2016-01-30,3107.316,2016,1,30,5,1,0.0,576.7239999999999
2016-01-31,1601.5539999999999,2016,1,31,6,1,3107.316,801.0374285714286
2016-02-01,161.97,2016,2,1,0,1,1601.5539999999999,701.5028571428571
2016-02-02,8996.784,2016,2,2,1,1,161.97,1986.7577142857142
2016-02-03,866.4,2016,2,3,2,1,8996.784,2110.5291428571427
2016-02-04,197.868,2016,2,4,3,1,866.4,2133.1274285714285
2016-02-05,2994.476,2016,2,5,4,1,197.868,2560.909714285714
2016-02-06,132.224,2016,2,6,5,1,2994.476,2135.896571428572
2016-02-07,762.142,2016,2,7,6,1,132.224,2015.9805714285717
2016-02-08,1369.476,2016,2,8,0,1,762.142,2188.4814285714283
2016-02-09,121.83,2016,2,9,1,1,1369.476,920.6308571428572
2016-02-10,0.0,2016,2,10,2,1,121.83,796.8594285714287
2016-02-11,69.93,2016,2,11,3,1,0.0,778.5825714285714
2016-02-12,1366.04,2016,2,12,4,1,69.93,545.9488571428572
2016-02-13,146.82,2016,2,13,5,1,1366.04,548.034
2016-02-14,837.921,2016,2,14,6,1,146.82,558.8595714285714
2016-02-15,407.072,2016,2,15,0,1,837.921,421.3732857142857
2016-02-16,1135.638,2016,2,16,1,1,407.072,566.203
2016-02-17,0.0,2016,2,17,2,1,1135.638,566.203
2016-02-18,0.0,2016,2,18,3,1,0.0,556.213
2016-02-19,392.65999999999997,2016,2,19,4,1,0.0,417.15871428571427
2016-02-20,16.496,2016,2,20,5,1,392.65999999999997,398.541
2016-02-21,1524.126,2016,2,21,6,1,16.496,496.57028571428566
2016-02-22,983.17,2016,2,22,0,1,1524.126,578.87
2016-02-23,57.576,2016,2,23,1,1,983.17,424.86114285714285
2016-02-24,0.0,2016,2,24,2,1,57.576,424.86114285714285
2016-02-25,46.72,2016,2,25,3,1,0.0,431.5354285714285
2016-02-26,0.0,2016,2,26,4,1,46.72,375.44114285714284
2016-02-27,243.892,2016,2,27,5,1,0.0,407.92628571428565
2016-02-28,36.48,2016,2,28,6,1,243.892,195.40542857142853
2016-02-29,111.104,2016,2,29,0,1,36.48,70.82457142857139
2016-03-01,6285.8060000000005,2016,3,1,1,1,111.104,960.5717142857144
2016-03-02,0.0,2016,3,2,2,1,6285.8060000000005,960.5717142857144
2016-03-03,7264.422,2016,3,3,3,1,0.0,1991.672
2016-03-04,315.45,2016,3,4,4,1,7264.422,2036.7362857142857
2016-03-05,162.344,2016,3,5,5,1,315.45,2025.0865714285715
2016-03-06,811.303,2016,3,6,6,1,162.344,2135.7755714285713
2016-03-07,21.072,2016,3,7,0,1,811.303,2122.913857142857
2016-03-08,2190.81,2016,3,8,1,1,21.072,1537.9144285714285
2016-03-09,635.6,2016,3,9,2,1,2190.81,1628.7144285714282
2016-03-10,7879.734,2016,3,10,3,1,635.6,1716.616142857143
2016-03-11,896.0219999999999,2016,3,11,4,1,7879.734,1799.5549999999998
2016-03-12,1694.6419999999998,2016,3,12,5,1,896.0219999999999,2018.4547142857143
2016-03-13,8866.882,2016,3,13,6,1,1694.6419999999998,3169.251714285714
2016-03-14,669.3679999999999,2016,3,14,0,1,8866.882,3261.8654285714283
2016-03-15,2356.808,2016,3,15,1,1,669.3679999999999,3285.5794285714283
2016-03-16,0.0,2016,3,16,2,1,2356.808,3194.7794285714285
2016-03-17,2360.3340000000003,2016,3,17,3,1,0.0,2406.293714285714
2016-03-18,1061.682,2016,3,18,4,1,2360.3340000000003,2429.959428571428
2016-03-19,138.68,2016,3,19,5,1,1061.682,2207.6791428571423
2016-03-20,928.311,2016,3,20,6,1,138.68,1073.5975714285714
2016-03-21,645.7059999999999,2016,3,21,0,1,928.311,1070.2172857142857
2016-03-22,226.46800000000002,2016,3,22,1,1,645.7059999999999,765.8829999999999
2016-03-23,0.0,2016,3,23,2,1,226.46800000000002,765.883
2016-03-24,745.774,2016,3,24,3,1,0.0,535.2315714285714
2016-03-25,1346.97,2016,3,25,4,1,745.774,575.987
2016-03-26,682.246,2016,3,26,5,1,1346.97,653.6392857142856
2016-03-27,92.69999999999999,2016,3,27,6,1,682.246,534.2662857142857
2016-03-28,125.30000000000001,2016,3,28,0,1,92.69999999999999,459.9225714285714
2016-03-29,2659.339,2016,3,29,1,1,125.30000000000001,807.4755714285714
2016-03-30,11.34,2016,3,30,2,1,2659.339,809.0955714285714
2016-03-31,640.762,2016,3,31,3,1,11.34,794.0938571428571
2016-04-01,2161.48,2016,4,1,4,2,640.762,910.4524285714285
2016-04-02,1454.9,2016,4,2,5,2,2161.48,1020.8315714285715
2016-04-03,441.198,2016,4,3,6,2,1454.9,1070.617
2016-04-04,970.194,2016,4,4,0,2,441.198,1191.3161428571427
2016-04-05,1046.3339999999998,2016,4,5,1,2,970.194,960.8868571428573
2016-04-06,1294.75,2016,4,6,2,2,1046.3339999999998,1144.231142857143
2016-04-07,1970.574,2016,4,7,3,2,1294.75,1334.2042857142858
2016-04-08,2906.404,2016,4,8,4,2,1970.574,1440.6219999999998
2016-04-09,1115.197,2016,4,9,5,2,2906.404,1392.093
2016-04-10,950.594,2016,4,10,6,2,1115.197,1464.8638571428571
2016-04-11,0.0,2016,4,11,0,2,950.594,1326.2647142857145
2016-04-12,1542.53,2016,4,12,1,2,0.0,1397.149857142857
2016-04-13,6.12,2016,4,13,2,2,1542.53,1213.059857142857
2016-04-14,1466.572,2016,4,14,3,2,6.12,1141.0595714285714
2016-04-15,2201.8559999999998,2016,4,15,4,2,1466.572,1040.409857142857
2016-04-16,9335.086000000001,2016,4,16,5,2,2201.8559999999998,2214.6797142857145
2016-04-17,421.08500000000004,2016,4,17,6,2,9335.086000000001,2139.0355714285715
2016-04-18,2514.538,2016,4,18,0,2,421.08500000000004,2498.255285714286
2016-04-19,1414.132,2016,4,19,1,2,2514.538,2479.912714285714
2016-04-20,0.0,2016,4,20,2,2,1414.132,2479.0384285714285
2016-04-21,271.616,2016,4,21,3,2,0.0,2308.3304285714285
2016-04-22,1765.4650000000001,2016,4,22,4,2,271.616,2245.988857142857
2016-04-23,720.368,2016,4,23,5,2,1765.4650000000001,1015.3148571428572
2016-04-24,1607.1,2016,4,24,6,2,720.368,1184.7455714285716
2016-04-25,108.42,2016,4,25,0,2,1607.1,841.0144285714285
2016-04-26,434.646,2016,4,26,1,2,108.42,701.0878571428572
2016-04-27,0.0,2016,4,27,2,2,434.646,701.0878571428572
2016-04-28,486.672,2016,4,28,3,2,0.0,731.8101428571429
2016-04-29,0.0,2016,4,29,4,2,486.672,479.60085714285714
2016-04-30,142.208,2016,4,30,5,2,0.0,397.0065714285714
2016-05-01,517.866,2016,5,1,6,2,142.208,241.40171428571426
2016-05-02,1098.136,2016,5,2,0,2,517.866,382.78971428571424
2016-05-03,1099.013,2016,5,3,1,2,1098.136,477.6992857142856
2016-05-04,0.0,2016,5,4,2,2,1099.013,477.6992857142856
2016-05-05,2701.28,2016,5,5,3,2,0.0,794.0718571428572
2016-05-06,236.96,2016,5,6,4,2,2701.28,827.9232857142857
2016-05-07,4835.976,2016,5,7,5,2,236.96,1498.4615714285715
2016-05-08,1340.2440000000001,2016,5,8,6,2,4835.976,1615.9441428571427
2016-05-09,1283.512,2016,5,9,0,2,1340.2440000000001,1642.4264285714285
2016-05-10,763.0200000000001,2016,5,10,1,2,1283.512,1594.4274285714287
2016-05-11,5.98,2016,5,11,2,2,763.0200000000001,1595.2817142857143
2016-05-12,918.878,2016,5,12,3,2,5.98,1340.652857142857
2016-05-13,0.0,2016,5,13,4,2,918.878,1306.8014285714287
2016-05-14,455.93,2016,5,14,5,2,0.0,681.0805714285715
2016-05-15,648.9119999999999,2016,5,15,6,2,455.93,582.3188571428572
2016-05-16,880.4599999999999,2016,5,16,0,2,648.9119999999999,524.74
2016-05-17,346.922,2016,5,17,1,2,880.4599999999999,465.29742857142855
2016-05-18,122.22,2016,5,18,2,2,346.922,481.9031428571428
2016-05-19,1582.008,2016,5,19,3,2,122.22,576.6359999999999
2016-05-20,2471.913,2016,5,20,4,2,1582.008,929.7664285714285
2016-05-21,2718.2140000000004,2016,5,21,5,2,2471.913,1252.9498571428574
2016-05-22,1799.2,2016,5,22,6,2,2718.2140000000004,1417.2767142857142
2016-05-23,10560.978000000001,2016,5,23,0,2,1799.2,2800.2078571428574
2016-05-24,277.756,2016,5,24,1,2,10560.978000000001,2790.327
2016-05-25,1311.97,2016,5,25,2,2,277.756,2960.291285714286
2016-05-26,1975.356,2016,5,26,3,2,1311.97,3016.483857142857
2016-05-27,5305.078,2016,5,27,4,2,1975.356,3421.2217142857144
2016-05-28,2137.324,2016,5,28,5,2,5305.078,3338.2374285714286
2016-05-29,1063.185,2016,5,29,6,2,2137.324,3233.0924285714286
2016-05-30,8090.578,2016,5,30,0,2,1063.185,2880.1781428571435
2016-05-31,438.85900000000004,2016,5,31,1,2,8090.578,2903.192857142857
2016-06-01,0.0,2016,6,1,2,2,438.85900000000004,2715.7685714285717
2016-06-02,157.844,2016,6,2,3,2,0.0,2456.1240000000003
2016-06-03,71.088,2016,6,3,4,2,157.844,1708.411142857143
2016-06-04,2316.5229999999997,2016,6,4,5,2,71.088,1734.0110000000002
2016-06-05,659.82,2016,6,5,6,2,2316.5229999999997,1676.3874285714285
2016-06-06,6026.312,2016,6,6,0,2,659.82,1381.4922857142858
2016-06-07,51.562,2016,6,7,1,2,6026.312,1326.1641428571427
2016-06-08,0.0,2016,6,8,2,2,51.562,1326.1641428571427
2016-06-09,1688.4720000000002,2016,6,9,3,2,0.0,1544.8252857142857
2016-06-10,1412.3960000000002,2016,6,10,4,2,1688.4720000000002,1736.4407142857144
2016-06-11,1623.416,2016,6,11,5,2,1412.3960000000002,1637.4254285714285
2016-06-12,2962.563,2016,6,12,6,2,1623.416,1966.3887142857145
2016-06-13,430.43800000000005,2016,6,13,0,2,2962.563,1166.978142857143
2016-06-14,3457.099,2016,6,14,1,2,430.43800000000005,1653.483428571429
2016-06-15,173.488,2016,6,15,2,2,3457.099,1678.2674285714288
2016-06-16,147.27499999999998,2016,6,16,3,2,173.488,1458.0964285714288
2016-06-17,3000.92,2016,6,17,4,2,147.27499999999998,1685.0284285714285
2016-06-18,541.938,2016,6,18,5,2,3000.92,1530.5315714285716
2016-06-19,17.12,2016,6,19,6,2,541.938,1109.7540000000001
2016-06-20,1229.548,2016,6,20,0,2,17.12,1223.9125714285715
2016-06-21,577.108,2016,6,21,1,2,1229.548,812.4852857142857
2016-06-22,0.0,2016,6,22,2,2,577.108,787.7012857142856
2016-06-23,2475.094,2016,6,23,3,2,0.0,1120.2468571428572
2016-06-24,5310.952,2016,6,24,4,2,2475.094,1450.2514285714285
2016-06-25,893.266,2016,6,25,5,2,5310.952,1500.4411428571427
2016-06-26,1919.6000000000001,2016,6,26,6,2,893.266,1772.2240000000002
2016-06-27,778.7059999999999,2016,6,27,0,2,1919.6000000000001,1707.818
2016-06-28,877.156,2016,6,28,1,2,778.7059999999999,1750.682
2016-06-29,191.88,2016,6,29,2,2,877.156,1778.0934285714286
2016-06-30,1352.9499999999998,2016,6,30,3,2,191.88,1617.787142857143
2016-07-01,1724.376,2016,7,1,4,3,1352.9499999999998,1105.4191428571428
2016-07-02,772.786,2016,7,2,5,3,1724.376,1088.2077142857142
2016-07-03,847.6999999999999,2016,7,3,6,3,772.786,935.0791428571428
2016-07-04,1651.301,2016,7,4,0,3,847.6999999999999,1059.7355714285713
2016-07-05,0.0,2016,7,5,1,3,1651.301,934.4275714285714
2016-07-06,0.0,2016,7,6,2,3,0.0,907.0161428571428
2016-07-07,3882.2309999999998,2016,7,7,3,3,0.0,1268.342
2016-07-08,2616.512,2016,7,8,4,3,3882.2309999999998,1395.7900000000002
2016-07-09,573.286,2016,7,9,5,3,2616.512,1367.2900000000002
2016-07-10,895.895,2016,7,10,6,3,573.286,1374.1749999999997
2016-07-11,0.0,2016,7,11,0,3,895.895,1138.2748571428572
2016-07-12,95.76,2016,7,12,1,3,0.0,1151.9548571428572
2016-07-13,0.0,2016,7,13,2,3,95.76,1151.9548571428572
2016-07-14,2149.96,2016,7,14,3,3,0.0,904.4875714285715
2016-07-15,380.2,2016,7,15,4,3,2149.96,585.0144285714285
2016-07-16,910.17,2016,7,16,5,3,380.2,633.1407142857142
2016-07-17,2184.88,2016,7,17,6,3,910.17,817.2814285714285
2016-07-18,2891.858,2016,7,18,0,3,2184.88,1230.404
2016-07-19,1536.454,2016,7,19,1,3,2891.858,1436.2174285714284
2016-07-20,89.95,2016,7,20,2,3,1536.454,1449.0674285714285
2016-07-21,991.095,2016,7,21,3,3,89.95,1283.5152857142857
2016-07-22,1368.048,2016,7,22,4,3,991.095,1424.6364285714285
2016-07-23,654.587,2016,7,23,5,3,1368.048,1388.1245714285712
2016-07-24,326.964,2016,7,24,6,3,654.587,1122.708
2016-07-25,5920.488,2016,7,25,0,3,326.964,1555.3694285714284
2016-07-26,0.0,2016,7,26,1,3,5920.488,1335.8760000000002
2016-07-27,0.0,2016,7,27,2,3,0.0,1323.026
2016-07-28,2033.374,2016,7,28,3,3,0.0,1471.9230000000002
2016-07-29,819.154,2016,7,29,4,3,2033.374,1393.5095714285712
2016-07-30,1770.7759999999998,2016,7,30,5,3,819.154,1552.9651428571428
2016-07-31,2174.1580000000004,2016,7,31,6,3,1770.7759999999998,1816.8500000000001
2016-08-01,1124.648,2016,8,1,0,3,2174.1580000000004,1131.73
2016-08-02,482.584,2016,8,2,1,3,1124.648,1200.6705714285713
2016-08-03,248.82,2016,8,3,2,3,482.584,1236.216285714286
2016-08-04,497.90999999999997,2016,8,4,3,3,248.82,1016.8642857142858
2016-08-05,197.05,2016,8,5,4,3,497.90999999999997,927.9922857142857
2016-08-06,320.38800000000003,2016,8,6,5,3,197.05,720.794
2016-08-07,179.97,2016,8,7,6,3,320.38800000000003,435.90999999999997
2016-08-08,1115.204,2016,8,8,0,3,179.97,434.5608571428571
2016-08-09,661.3539999999999,2016,8,9,1,3,1115.204,460.0994285714286
2016-08-10,0.0,2016,8,10,2,3,661.3539999999999,424.55371428571425
2016-08-11,151.82,2016,8,11,3,3,0.0,375.11228571428575
2016-08-12,3951.9605,2016,8,12,4,3,151.82,911.5280714285715
2016-08-13,731.524,2016,8,13,5,3,3951.9605,970.2617857142858
2016-08-14,923.688,2016,8,14,6,3,731.524,1076.507214285714
2016-08-15,1680.2659999999998,2016,8,15,0,3,923.688,1157.2303571428572
2016-08-16,204.54000000000002,2016,8,16,1,3,1680.2659999999998,1091.9712142857143
2016-08-17,15.712,2016,8,17,2,3,204.54000000000002,1094.2157857142856
2016-08-18,496.114,2016,8,18,3,3,15.712,1143.4006428571429
2016-08-19,448.792,2016,8,19,4,3,496.114,642.948
2016-08-20,14.78,2016,8,20,5,3,448.792,540.5559999999999
2016-08-21,4798.2919999999995,2016,8,21,6,3,14.78,1094.070857142857
2016-08-22,405.35,2016,8,22,0,3,4798.2919999999995,911.9399999999999
2016-08-23,4187.348,2016,8,23,1,3,405.35,1480.9125714285713
2016-08-24,0.0,2016,8,24,2,3,4187.348,1478.668
2016-08-25,0.0,2016,8,25,3,3,0.0,1407.794571428571
2016-08-26,4874.298,2016,8,26,4,3,0.0,2040.0097142857142
2016-08-27,767.9110000000001,2016,8,27,5,3,4874.298,2147.5998571428568
2016-08-28,322.0248,2016,8,28,6,3,767.9110000000001,1508.133114285714
2016-08-29,632.188,2016,8,29,0,3,322.0248,1540.5385428571428
2016-08-30,1656.8700000000001,2016,8,30,1,3,632.188,1179.0416857142857
2016-08-31,23.968,2016,8,31,2,3,1656.8700000000001,1182.4656857142857
2016-09-01,5766.152,2016,9,1,3,3,23.968,2006.2016857142858
2016-09-02,6792.193,2016,9,2,4,3,5766.152,2280.1866857142854
2016-09-03,2365.596,2016,9,3,5,3,6792.193,2508.4274
2016-09-04,4532.0419999999995,2016,9,4,6,3,2365.596,3109.8584285714282
2016-09-05,5226.348,2016,9,5,0,3,4532.0419999999995,3766.1670000000004
2016-09-06,1313.536,2016,9,6,1,3,5226.348,3717.1192857142855
2016-09-07,0.0,2016,9,7,2,3,1313.536,3713.6952857142855
2016-09-08,4493.9836000000005,2016,9,8,3,3,0.0,3531.9569428571426
2016-09-09,84.992,2016,9,9,4,3,4493.9836000000005,2573.7853714285716
2016-09-10,2094.324,2016,9,10,5,3,84.992,2535.0322285714287
2016-09-11,6501.586,2016,9,11,6,3,2094.324,2816.395657142857
2016-09-12,2043.792,2016,9,12,0,3,6501.586,2361.7448000000004
2016-09-13,2374.73,2016,9,13,1,3,2043.792,2513.3439428571432
2016-09-14,1137.338,2016,9,14,2,3,2374.73,2675.8208000000004
2016-09-15,2101.1820000000002,2016,9,15,3,3,1137.338,2333.9920000000006
2016-09-16,425.88599999999997,2016,9,16,4,3,2101.1820000000002,2382.6911428571434
2016-09-17,2043.126,2016,9,17,5,3,425.88599999999997,2375.377142857143
2016-09-18,4751.082,2016,9,18,6,3,2043.126,2125.305142857143
2016-09-19,3839.312,2016,9,19,0,3,4751.082,2381.8080000000004
2016-09-20,1232.004,2016,9,20,1,3,3839.312,2218.5614285714287
2016-09-21,0.0,2016,9,21,2,3,1232.004,2056.0845714285715
2016-09-22,615.57,2016,9,22,3,3,0.0,1843.8542857142857
2016-09-23,1322.145,2016,9,23,4,3,615.57,1971.891285714286
2016-09-24,2286.05,2016,9,24,5,3,1322.145,2006.5947142857144
2016-09-25,3443.091,2016,9,25,6,3,2286.05,1819.7388571428571
2016-09-26,2698.1665,2016,9,26,0,3,3443.091,1656.7180714285714
2016-09-27,1992.9858,2016,9,27,1,3,2698.1665,1765.4297571428572
2016-09-28,99.136,2016,9,28,2,3,1992.9858,1779.592042857143
2016-09-29,1307.792,2016,9,29,3,3,99.136,1878.4809
2016-09-30,525.884,2016,9,30,4,3,1307.792,1764.7293285714288
2016-10-01,781.414,2016,10,1,5,4,525.884,1549.7813285714285
2016-10-02,18452.972,2016,10,2,6,4,781.414,3694.0500428571427
2016-10-03,1680.696,2016,10,3,0,4,18452.972,3548.697114285714
2016-10-04,5912.782,2016,10,4,1,4,1680.696,4108.668
2016-10-05,0.0,2016,10,5,2,4,5912.782,4094.505714285714
2016-10-06,830.4000000000001,2016,10,6,3,4,0.0,4026.306857142857
2016-10-07,973.712,2016,10,7,4,4,830.4000000000001,4090.2822857142855
2016-10-08,561.5360000000001,2016,10,8,5,4,973.712,4058.871142857143
2016-10-09,546.92,2016,10,9,6,4,561.5360000000001,1500.8637142857137
2016-10-10,282.75300000000004,2016,10,10,0,4,546.92,1301.1575714285711
2016-10-11,33.064,2016,10,11,1,4,282.75300000000004,461.19785714285666
2016-10-12,0.0,2016,10,12,2,4,33.064,461.19785714285666
2016-10-13,1650.618,2016,10,13,3,4,0.0,578.3718571428566
2016-10-14,3335.888,2016,10,14,4,4,1650.618,915.8255714285709
2016-10-15,1620.15,2016,10,15,5,4,3335.888,1067.0561428571423
2016-10-16,142.182,2016,10,16,6,4,1620.15,1009.2364285714281
2016-10-17,2953.346,2016,10,17,0,4,142.182,1390.7497142857137
2016-10-18,307.92,2016,10,18,1,4,2953.346,1430.0148571428565
2016-10-19,0.0,2016,10,19,2,4,307.92,1430.0148571428565
2016-10-20,946.174,2016,10,20,3,4,0.0,1329.3799999999994
2016-10-21,7951.592,2016,10,21,4,4,946.174,1988.7662857142852
2016-10-22,188.28,2016,10,22,5,4,7951.592,1784.213428571428
2016-10-23,467.42199999999997,2016,10,23,6,4,188.28,1830.676285714285
2016-10-24,1365.498,2016,10,24,0,4,467.42199999999997,1603.8408571428567
2016-10-25,783.96,2016,10,25,1,4,1365.498,1671.8465714285708
2016-10-26,0.0,2016,10,26,2,4,783.96,1671.8465714285708
2016-10-27,978.7900000000001,2016,10,27,3,4,0.0,1676.5059999999994
2016-10-28,2899.0209999999997,2016,10,28,4,4,978.7900000000001,954.7101428571423
2016-10-29,131.154,2016,10,29,5,4,2899.0209999999997,946.5492857142852
2016-10-30,159.002,2016,10,30,6,4,131.154,902.4892857142852
2016-10-31,3750.4990000000003,2016,10,31,0,4,159.002,1243.2037142857137
2016-11-01,453.374,2016,11,1,1,4,3750.4990000000003,1195.9771428571423
2016-11-02,0.0,2016,11,2,2,4,453.374,1195.9771428571423
2016-11-03,3802.7960000000003,2016,11,3,3,4,0.0,1599.4065714285712
2016-11-04,3888.8179999999998,2016,11,4,4,4,3802.7960000000003,1740.8061428571423
2016-11-05,4266.8988,2016,11,5,5,4,3888.8179999999998,2331.626828571428
2016-11-06,773.2560000000001,2016,11,6,6,4,4266.8988,2419.3774
2016-11-07,3810.464,2016,11,7,0,4,773.2560000000001,2427.943828571428
2016-11-08,993.9000000000001,2016,11,8,1,4,3810.464,2505.161828571428
2016-11-09,479.97,2016,11,9,2,4,993.9000000000001,2573.728971428571
2016-11-10,4723.478,2016,11,10,3,4,479.97,2705.2549714285706
2016-11-11,4944.296,2016,11,11,4,4,4723.478,2856.0375428571424
2016-11-12,4914.938,2016,11,12,5,4,4944.296,2948.614571428571
2016-11-13,2945.138,2016,11,13,6,4,4914.938,3258.883428571428
2016-11-14,2774.0620000000004,2016,11,14,0,4,2945.138,3110.8259999999996
2016-11-15,2145.718,2016,11,15,1,4,2774.0620000000004,3275.371428571428
2016-11-16,36.72,2016,11,16,2,4,2145.718,3212.0499999999997
2016-11-17,142.684,2016,11,17,3,4,36.72,2557.6508571428567
2016-11-18,3958.9320000000002,2016,11,18,4,4,142.684,2416.884571428571
2016-11-19,638.462,2016,11,19,5,4,3958.9320000000002,1805.9594285714281
2016-11-20,3070.333,2016,11,20,6,4,638.462,1823.8444285714281
2016-11-21,1176.891,2016,11,21,0,4,3070.333,1595.6771428571426
2016-11-22,317.044,2016,11,22,1,4,1176.891,1334.4379999999996
2016-11-23,100.61599999999999,2016,11,23,2,4,317.044,1343.5659999999996
2016-11-24,6394.5380000000005,2016,11,24,3,4,100.61599999999999,2236.6879999999996
2016-11-25,7978.551,2016,11,25,4,4,6394.5380000000005,2810.9192857142853
2016-11-26,8329.743,2016,11,26,5,4,7978.551,3909.673714285714
2016-11-27,1651.239,2016,11,27,6,4,8329.743,3706.9459999999995
2016-11-28,3428.372,2016,11,28,0,4,1651.239,4028.586142857142
2016-11-29,300.592,2016,11,29,1,4,3428.372,4026.2358571428567
2016-11-30,970.142,2016,11,30,2,4,300.592,4150.453857142857
2016-12-01,7365.455,2016,12,1,3,4,970.142,4289.156285714285
2016-12-02,4684.616,2016,12,2,4,4,7365.455,3818.5941428571423
2016-12-03,5269.816,2016,12,3,5,4,4684.616,3381.4617142857137
2016-12-04,944.2860000000001,2016,12,4,6,4,5269.816,3280.468428571428
2016-12-05,5267.004,2016,12,5,0,4,944.2860000000001,3543.1301428571423
2016-12-06,3878.276,2016,12,6,1,4,5267.004,4054.227857142857
2016-12-07,0.0,2016,12,7,2,4,3878.276,3915.6361428571427
2016-12-08,4709.095,2016,12,8,3,4,0.0,3536.1561428571417
2016-12-09,1855.483,2016,12,9,4,4,4709.095,3131.994285714285
2016-12-10,3459.71,2016,12,10,5,4,1855.483,2873.4077142857136
2016-12-11,6102.25,2016,12,11,6,4,3459.71,3610.2597142857144
2016-12-12,1981.115,2016,12,12,0,4,6102.25,3140.8469999999993
2016-12-13,1194.088,2016,12,13,1,4,1981.115,2757.391571428571
2016-12-14,828.654,2016,12,14,2,4,1194.088,2875.770714285714
2016-12-15,2637.087,2016,12,15,3,4,828.654,2579.7695714285705
2016-12-16,628.5419999999999,2016,12,16,4,4,2637.087,2404.492285714285
2016-12-17,12185.134,2016,12,17,5,4,628.5419999999999,3650.981428571428
2016-12-18,7051.35,2016,12,18,6,4,12185.134,3786.5671428571427
2016-12-19,815.1120000000001,2016,12,19,0,4,7051.35,3619.9952857142853
2016-12-20,134.54,2016,12,20,1,4,815.1120000000001,3468.6312857142852
2016-12-21,0.0,2016,12,21,2,4,134.54,3350.2521428571426
2016-12-22,1043.128,2016,12,22,3,4,0.0,3122.543714285714
2016-12-23,6965.857,2016,12,23,4,4,1043.128,4027.874428571428
2016-12-24,1938.26,2016,12,24,5,4,6965.857,2564.0352857142852
2016-12-25,10488.055,2016,12,25,6,4,1938.26,3054.9931428571426
2016-12-26,1829.418,2016,12,26,0,4,10488.055,3199.8939999999993
2016-12-27,959.49,2016,12,27,1,4,1829.418,3317.7439999999992
2016-12-28,0.0,2016,12,28,2,4,959.49,3317.7439999999992
2016-12-29,1277.68,2016,12,29,3,4,0.0,3351.2514285714283
2016-12-30,773.774,2016,12,30,4,4,1277.68,2466.6681428571424
2016-12-31,731.768,2016,12,31,5,4,773.774,2294.312142857142
2017-01-01,1481.8280000000002,2017,1,1,6,1,731.768,1007.7082857142852
2017-01-02,2079.554,2017,1,2,0,1,1481.8280000000002,1043.4419999999996
2017-01-03,2070.272,2017,1,3,1,1,2079.554,1202.1251428571425
2017-01-04,0.0,2017,1,4,2,1,2070.272,1202.1251428571425
2017-01-05,0.0,2017,1,5,3,1,0.0,1019.599428571428
2017-01-06,33.74,2017,1,6,4,1,0.0,913.8802857142853
2017-01-07,3395.59,2017,1,7,5,1,33.74,1294.4262857142853
2017-01-08,892.98,2017,1,8,6,1,3395.59,1210.3051428571423
2017-01-09,274.491,2017,1,9,0,1,892.98,952.4389999999995
2017-01-10,0.0,2017,1,10,1,1,274.491,656.6858571428565
2017-01-11,0.0,2017,1,11,2,1,0.0,656.6858571428565
2017-01-12,848.52,2017,1,12,3,1,0.0,777.9029999999995
2017-01-13,4619.33,2017,1,13,4,1,848.52,1432.9872857142852
2017-01-14,1056.038,2017,1,14,5,1,4619.33,1098.7655714285709
2017-01-15,2140.28,2017,1,15,6,1,1056.038,1276.9512857142852
2017-01-16,6230.2919999999995,2017,1,16,0,1,2140.28,2127.7799999999993
2017-01-17,0.0,2017,1,17,1,1,6230.2919999999995,2127.7799999999993
2017-01-18,0.0,2017,1,18,2,1,0.0,2127.7799999999993
2017-01-19,2013.715,2017,1,19,3,1,0.0,2294.236428571428
2017-01-20,767.838,2017,1,20,4,1,2013.715,1744.0232857142853
2017-01-21,2546.643,2017,1,21,5,1,767.838,1956.9668571428567
2017-01-22,4212.372,2017,1,22,6,1,2546.643,2252.9799999999996
2017-01-23,450.334,2017,1,23,0,1,4212.372,1427.2717142857139
2017-01-24,418.66599999999994,2017,1,24,1,1,450.334,1487.0811428571426
2017-01-25,0.0,2017,1,25,2,1,418.66599999999994,1487.0811428571421
2017-01-26,3055.2799999999997,2017,1,26,3,1,0.0,1635.8761428571427
2017-01-27,331.914,2017,1,27,4,1,3055.2799999999997,1573.6012857142853
2017-01-28,1007.52,2017,1,28,5,1,331.914,1353.7265714285709
2017-01-29,294.842,2017,1,29,6,1,1007.52,794.079428571428
2017-01-30,3749.335,2017,1,30,0,1,294.842,1265.3652857142854
2017-01-31,0.0,2017,1,31,1,1,3749.335,1205.5558571428567
2017-02-01,0.0,2017,2,1,2,1,0.0,1205.5558571428567
2017-02-02,913.354,2017,2,2,3,1,0.0,899.5664285714281
2017-02-03,922.327,2017,2,3,4,1,913.354,983.9111428571424
2017-02-04,32.67,2017,2,4,5,1,922.327,844.6468571428566
2017-02-05,2263.012,2017,2,5,6,1,32.67,1125.8139999999996
2017-02-06,904.354,2017,2,6,0,1,2263.012,719.3881428571424
2017-02-07,0.0,2017,2,7,1,1,904.354,719.3881428571424
2017-02-08,0.0,2017,2,8,2,1,0.0,719.3881428571424
2017-02-09,773.7639999999999,2017,2,9,3,1,0.0,699.4467142857138
2017-02-10,227.103,2017,2,10,4,1,773.7639999999999,600.1289999999996
2017-02-11,1241.516,2017,2,11,5,1,227.103,772.8212857142852
2017-02-12,0.0,2017,2,12,6,1,1241.516,449.5338571428566
2017-02-13,1058.43,2017,2,13,0,1,0.0,471.5447142857138
2017-02-14,0.0,2017,2,14,1,1,1058.43,471.5447142857138
2017-02-15,0.0,2017,2,15,2,1,0.0,471.5447142857138
2017-02-16,1337.442,2017,2,16,3,1,0.0,552.0701428571423
2017-02-17,2964.8174,2017,2,17,4,1,1337.442,943.1721999999994
2017-02-18,287.326,2017,2,18,5,1,2964.8174,806.8593428571422
2017-02-19,1314.59,2017,2,19,6,1,287.326,994.6579142857138
2017-02-20,1150.29,2017,2,20,0,1,1314.59,1007.7807714285709
2017-02-21,47.904,2017,2,21,1,1,1150.29,1014.6241999999994
2017-02-22,0.0,2017,2,22,2,1,47.904,1014.6241999999994
2017-02-23,117.79999999999998,2017,2,23,3,1,0.0,840.389628571428
2017-02-24,1448.676,2017,2,24,4,1,117.79999999999998,623.7979999999994
2017-02-25,430.49199999999996,2017,2,25,5,1,1448.676,644.2502857142852
2017-02-26,2847.6459999999997,2017,2,26,6,1,430.49199999999996,863.2582857142851
2017-02-27,0.0,2017,2,27,0,1,2847.6459999999997,698.9311428571422
2017-02-28,17.62,2017,2,28,1,1,0.0,694.6048571428565
2017-03-01,0.0,2017,3,1,2,1,17.62,694.6048571428565
2017-03-02,1450.126,2017,3,2,3,1,0.0,884.9371428571422
2017-03-03,2000.1039999999998,2017,3,3,4,1,1450.126,963.7125714285709
2017-03-04,228.822,2017,3,4,5,1,2000.1039999999998,934.9025714285708
2017-03-05,1240.02,2017,3,5,6,1,228.822,705.2417142857137
2017-03-06,778.236,2017,3,6,0,1,1240.02,816.4182857142852
2017-03-07,166.59,2017,3,7,1,1,778.236,837.6997142857136
2017-03-08,843.1,2017,3,8,2,1,166.59,958.1425714285708
2017-03-09,710.804,2017,3,9,3,1,843.1,852.5251428571422
2017-03-10,1252.952,2017,3,10,4,1,710.804,745.7891428571423
2017-03-11,1973.708,2017,3,11,5,1,1252.952,995.0585714285709
2017-03-12,353.28,2017,3,12,6,1,1973.708,868.381428571428
2017-03-13,4791.35,2017,3,13,0,1,353.28,1441.683428571428
2017-03-14,49.616,2017,3,14,1,1,4791.35,1424.9728571428568
2017-03-15,0.0,2017,3,15,2,1,49.616,1304.5299999999995
2017-03-16,2014.381,2017,3,16,3,1,0.0,1490.7552857142855
2017-03-17,542.746,2017,3,17,4,1,2014.381,1389.2972857142852
2017-03-18,1027.758,2017,3,18,5,1,542.746,1254.161571428571
2017-03-19,2166.248,2017,3,19,6,1,1027.758,1513.1569999999995
2017-03-20,899.568,2017,3,20,0,1,2166.248,957.1881428571423
2017-03-21,3332.636,2017,3,21,1,1,899.568,1426.1909999999993
2017-03-22,0.0,2017,3,22,2,1,3332.636,1426.1909999999993
2017-03-23,14816.068,2017,3,23,3,1,0.0,3255.003428571428
2017-03-24,1257.298,2017,3,24,4,1,14816.068,3357.082285714285
2017-03-25,3567.026,2017,3,25,5,1,1257.298,3719.8348571428564
2017-03-26,3252.88,2017,3,26,6,1,3567.026,3875.0679999999993
2017-03-27,2933.516,2017,3,27,0,1,3252.88,4165.632
2017-03-28,1504.702,2017,3,28,1,1,2933.516,3904.49857142857
2017-03-29,81.4,2017,3,29,2,1,1504.702,3916.1271428571417
2017-03-30,656.407,2017,3,30,3,1,81.4,1893.3184285714276
2017-03-31,4981.010799999999,2017,3,31,4,1,656.407,2425.277399999999
2017-04-01,5972.988,2017,4,1,5,2,4981.010799999999,2768.9862571428566
2017-04-02,822.97,2017,4,2,6,2,5972.988,2421.856257142856
2017-04-03,32.528,2017,4,3,0,2,822.97,2007.4293999999993
2017-04-04,808.47,2017,4,4,1,2,32.528,1907.9676857142847
2017-04-05,0.0,2017,4,5,2,2,808.47,1896.3391142857133
2017-04-06,114.41999999999999,2017,4,6,3,2,0.0,1818.9123999999993
2017-04-07,1971.2905,2017,4,7,4,2,114.41999999999999,1388.9523571428565
2017-04-08,6401.93,2017,4,8,5,2,1971.2905,1450.229785714285
2017-04-09,1626.71,2017,4,9,6,2,6401.93,1565.0497857142852
2017-04-10,755.529,2017,4,10,0,2,1626.71,1668.3356428571421
2017-04-11,319.806,2017,4,11,1,2,755.529,1598.5264999999993
2017-04-12,69.66,2017,4,12,2,2,319.806,1608.4779285714278
2017-04-13,1345.8239999999998,2017,4,13,3,2,69.66,1784.3927857142849
2017-04-14,652.93,2017,4,14,4,2,1345.8239999999998,1596.0555714285706
2017-04-15,332.338,2017,4,15,5,2,652.93,728.9709999999992
2017-04-16,944.429,2017,4,16,6,2,332.338,631.5022857142849
2017-04-17,3431.4590000000003,2017,4,17,0,2,944.429,1013.7779999999992
2017-04-18,0.0,2017,4,18,1,2,3431.4590000000003,968.0914285714279
2017-04-19,0.0,2017,4,19,2,2,0.0,958.1399999999992
2017-04-20,2033.24,2017,4,20,3,2,0.0,1056.3422857142848
2017-04-21,1254.564,2017,4,21,4,2,2033.24,1142.2899999999993
2017-04-22,947.692,2017,4,22,5,2,1254.564,1230.1977142857136
2017-04-23,1199.222,2017,4,23,6,2,947.692,1266.5967142857135
2017-04-24,928.558,2017,4,24,0,2,1199.222,909.0394285714277
2017-04-25,678.113,2017,4,25,1,2,928.558,1005.9127142857135
2017-04-26,61.608000000000004,2017,4,26,2,2,678.113,1014.7138571428565
2017-04-27,576.5756,2017,4,27,3,2,61.608000000000004,806.6189428571422
2017-04-28,795.296,2017,4,28,4,2,576.5756,741.0092285714278
2017-04-29,1053.26,2017,4,29,5,2,795.296,756.0903714285706
2017-04-30,1390.1260000000002,2017,4,30,6,2,1053.26,783.3623714285707
2017-05-01,4108.37,2017,5,1,0,2,1390.1260000000002,1237.6212285714278
2017-05-02,399.11,2017,5,2,1,2,4108.37,1197.7636571428563
2017-05-03,1386.346,2017,5,3,2,2,399.11,1387.011942857142
2017-05-04,1389.4050000000002,2017,5,4,3,2,1386.346,1503.130428571428
2017-05-05,185.123,2017,5,5,4,2,1389.4050000000002,1415.9628571428564
2017-05-06,3183.3698,2017,5,6,5,2,185.123,1720.2642571428564
2017-05-07,2549.468,2017,5,7,6,2,3183.3698,1885.884542857142
2017-05-08,3658.5540000000005,2017,5,8,0,2,2549.468,1821.6251142857134
2017-05-09,1078.222,2017,5,9,1,2,3658.5540000000005,1918.6411142857137
2017-05-10,0.0,2017,5,10,2,2,1078.222,1720.5916857142852
2017-05-11,449.469,2017,5,11,3,2,0.0,1586.3151142857134
2017-05-12,970.384,2017,5,12,4,2,449.469,1698.4952571428564
2017-05-13,3066.378,2017,5,13,5,2,970.384,1681.7821428571422
2017-05-14,4182.062,2017,5,14,6,2,3066.378,1915.0098571428566
2017-05-15,421.264,2017,5,15,0,2,4182.062,1452.5398571428564
2017-05-16,221.024,2017,5,16,1,2,421.264,1330.0829999999992
2017-05-17,0.0,2017,5,17,2,2,221.024,1330.0829999999992
2017-05-18,1830.508,2017,5,18,3,2,0.0,1527.374285714285
2017-05-19,4919.182,2017,5,19,4,2,1830.508,2091.4882857142848
2017-05-20,2997.578,2017,5,20,5,2,4919.182,2081.6597142857136
2017-05-21,538.02,2017,5,21,6,2,2997.578,1561.0822857142848
2017-05-22,336.56199999999995,2017,5,22,0,2,538.02,1548.9819999999995
2017-05-23,241.436,2017,5,23,1,2,336.56199999999995,1551.8979999999992
2017-05-24,0.0,2017,5,24,2,2,241.436,1551.8979999999992
2017-05-25,886.026,2017,5,25,3,2,0.0,1416.9719999999993
2017-05-26,270.24,2017,5,26,4,2,886.026,752.8374285714278
2017-05-27,2084.908,2017,5,27,5,2,270.24,622.4559999999991
2017-05-28,1480.103,2017,5,28,6,2,2084.908,757.0392857142849
2017-05-29,691.108,2017,5,29,0,2,1480.103,807.6887142857134
2017-05-30,736.8904,2017,5,30,1,2,691.108,878.4679142857136
2017-05-31,0.0,2017,5,31,2,2,736.8904,878.4679142857136
2017-06-01,5058.362,2017,6,1,3,2,0.0,1474.5159142857135
2017-06-02,135.70600000000002,2017,6,2,4,2,5058.362,1455.2967714285708
2017-06-03,2952.036,2017,6,3,5,2,135.70600000000002,1579.1721999999993
2017-06-04,279.414,2017,6,4,6,2,2952.036,1407.6451999999992
2017-06-05,491.11199999999997,2017,6,5,0,2,279.414,1379.0743428571423
2017-06-06,31.349999999999998,2017,6,6,1,2,491.11199999999997,1278.2828571428563
2017-06-07,0.0,2017,6,7,2,2,31.349999999999998,1278.2828571428563
2017-06-08,2227.038,2017,6,8,3,2,0.0,873.8079999999991
2017-06-09,939.1329999999999,2017,6,9,4,2,2227.038,988.5832857142848
2017-06-10,2513.3430000000003,2017,6,10,5,2,939.1329999999999,925.9128571428563
2017-06-11,1580.894,2017,6,11,6,2,2513.3430000000003,1111.8385714285705
2017-06-12,1679.968,2017,6,12,0,2,1580.894,1281.675142857142
2017-06-13,1156.018,2017,6,13,1,2,1679.968,1442.341999999999
2017-06-14,0.0,2017,6,14,2,2,1156.018,1442.341999999999
2017-06-15,4057.51,2017,6,15,3,2,0.0,1703.8379999999993
2017-06-16,2724.194,2017,6,16,4,2,4057.51,1958.8467142857135
2017-06-17,3896.672,2017,6,17,5,2,2724.194,2156.465142857142
2017-06-18,1031.1555,2017,6,18,6,2,3896.672,2077.9310714285702
2017-06-19,2115.941,2017,6,19,0,2,1031.1555,2140.2129285714277
2017-06-20,1028.228,2017,6,20,1,2,2115.941,2121.9572142857137
2017-06-21,595.656,2017,6,21,2,2,1028.228,2207.050928571428
2017-06-22,579.019,2017,6,22,3,2,595.656,1710.1236428571422
2017-06-23,0.0,2017,6,23,4,2,579.019,1320.9530714285704
2017-06-24,1287.614,2017,6,24,5,2,0.0,948.2304999999991
2017-06-25,1508.3519999999999,2017,6,25,6,2,1287.614,1016.4014285714276
2017-06-26,4224.136,2017,6,26,0,2,1508.3519999999999,1317.572142857142
2017-06-27,1644.906,2017,6,27,1,2,4224.136,1405.6689999999992
2017-06-28,0.0,2017,6,28,2,2,1644.906,1320.575285714285
2017-06-29,4521.9912,2017,6,29,3,2,0.0,1883.857028571428
2017-06-30,4721.977,2017,6,30,4,2,4521.9912,2558.4251714285706
2017-07-01,639.83,2017,7,1,5,3,4721.977,2465.884599999999
2017-07-02,169.192,2017,7,2,6,3,639.83,2274.5760285714277
2017-07-03,6963.4039999999995,2017,7,3,0,3,169.192,2665.900028571428
2017-07-04,0.0,2017,7,4,1,3,6963.4039999999995,2430.9134571428563
2017-07-05,476.35400000000004,2017,7,5,2,3,0.0,2498.9640285714277
2017-07-06,380.37800000000004,2017,7,6,3,3,476.35400000000004,1907.304999999999
2017-07-07,1620.25,2017,7,7,4,3,380.37800000000004,1464.2011428571418
2017-07-08,1980.2640000000001,2017,7,8,5,3,1620.25,1655.6917142857133
2017-07-09,1671.214,2017,7,9,6,3,1980.2640000000001,1870.2662857142848
2017-07-10,359.21399999999994,2017,7,10,0,3,1671.214,926.8105714285705
2017-07-11,1728.892,2017,7,11,1,3,359.21399999999994,1173.7951428571419
2017-07-12,3.816,2017,7,12,2,3,1728.892,1106.2897142857132
2017-07-13,504.542,2017,7,13,3,3,3.816,1124.0274285714277
2017-07-14,3598.9339999999997,2017,7,14,4,3,504.542,1406.6965714285705
2017-07-15,2132.229,2017,7,15,5,3,3598.9339999999997,1428.4058571428561
2017-07-16,316.636,2017,7,16,6,3,2132.229,1234.8947142857135
2017-07-17,2191.873,2017,7,17,0,3,316.636,1496.703142857142
2017-07-18,2106.794,2017,7,18,1,3,2191.873,1550.6891428571419
2017-07-19,0.0,2017,7,19,2,3,2106.794,1550.1439999999989
2017-07-20,2283.208,2017,7,20,3,3,0.0,1804.239142857142
2017-07-21,3685.944,2017,7,21,4,3,2283.208,1816.6691428571419
2017-07-22,556.3140000000001,2017,7,22,5,3,3685.944,1591.5384285714279
2017-07-23,898.188,2017,7,23,6,3,556.3140000000001,1674.617285714285
2017-07-24,2399.96,2017,7,24,0,3,898.188,1704.343999999999
2017-07-25,798.742,2017,7,25,1,3,2399.96,1517.4794285714277
2017-07-26,2012.3020000000001,2017,7,26,2,3,798.742,1804.9511428571418
2017-07-27,1142.68,2017,7,27,3,3,2012.3020000000001,1642.0185714285706
2017-07-28,1170.5639999999999,2017,7,28,4,3,1142.68,1282.6785714285704
2017-07-29,1391.294,2017,7,29,5,3,1170.5639999999999,1401.9614285714276
2017-07-30,523.376,2017,7,30,6,3,1391.294,1348.4168571428563
2017-07-31,1558.028,2017,7,31,0,3,523.376,1228.1408571428562
2017-08-01,2085.65,2017,8,1,1,3,1558.028,1411.984857142856
2017-08-02,0.0,2017,8,2,2,3,2085.65,1124.513142857142
2017-08-03,531.348,2017,8,3,3,3,0.0,1037.179999999999
2017-08-04,20.07,2017,8,4,4,3,531.348,872.8237142857133
2017-08-05,503.676,2017,8,5,5,3,20.07,746.021142857142
2017-08-06,1424.026,2017,8,6,6,3,503.676,874.6854285714277
2017-08-07,3479.624,2017,8,7,0,3,1424.026,1149.1991428571419
2017-08-08,0.0,2017,8,8,1,3,3479.624,851.2491428571419
2017-08-09,0.0,2017,8,9,2,3,0.0,851.2491428571419
2017-08-10,1823.0700000000002,2017,8,10,3,3,0.0,1035.7808571428561
2017-08-11,708.726,2017,8,11,4,3,1823.0700000000002,1134.1602857142848
2017-08-12,3693.084,2017,8,12,5,3,708.726,1589.789999999999
2017-08-13,2643.164,2017,8,13,6,3,3693.084,1763.9525714285705
2017-08-14,440.736,2017,8,14,0,3,2643.164,1329.8257142857133
2017-08-15,1949.872,2017,8,15,1,3,440.736,1608.3788571428563
2017-08-16,80.564,2017,8,16,2,3,1949.872,1619.8879999999992
2017-08-17,9517.287999999999,2017,8,17,3,3,80.564,2719.061999999999
2017-08-18,7078.4839999999995,2017,8,18,4,3,9517.287999999999,3629.027428571428
2017-08-19,512.446,2017,8,19,5,3,7078.4839999999995,3174.6505714285704
2017-08-20,692.95,2017,8,20,6,3,512.446,2896.0485714285705
2017-08-21,8551.054,2017,8,21,0,3,692.95,4054.665428571428
2017-08-22,524.54,2017,8,22,1,3,8551.054,3851.04657142857
2017-08-23,4590.344,2017,8,23,2,3,524.54,4495.300857142856
2017-08-24,685.0560000000002,2017,8,24,3,3,4590.344,3233.5534285714275
2017-08-25,361.988,2017,8,25,4,3,685.0560000000002,2274.053999999999
2017-08-26,190.66,2017,8,26,5,3,361.988,2228.0845714285706
2017-08-27,6190.538,2017,8,27,6,3,190.66,3013.4542857142847
2017-08-28,1443.6319999999998,2017,8,28,0,3,6190.538,1998.1082857142849
2017-08-29,235.46800000000002,2017,8,29,1,3,1443.6319999999998,1956.8122857142846
2017-08-30,0.0,2017,8,30,2,3,235.46800000000002,1301.0488571428561
2017-08-31,3162.83,2017,8,31,3,3,0.0,1655.0165714285704
2017-09-01,1261.81,2017,9,1,4,3,3162.83,1783.5625714285707
2017-09-02,9354.854,2017,9,2,5,3,1261.81,3092.733142857142
2017-09-03,1595.849,2017,9,3,6,3,9354.854,2436.348999999999
2017-09-04,5360.202,2017,9,4,0,3,1595.849,2995.8589999999995
2017-09-05,327.044,2017,9,5,1,3,5360.202,3008.9412857142847
2017-09-06,0.0,2017,9,6,2,3,327.044,3008.9412857142847
2017-09-07,3848.565,2017,9,7,3,3,0.0,3106.9034285714283
2017-09-08,2184.327,2017,9,8,4,3,3848.565,3238.6915714285706
2017-09-09,4356.061,2017,9,9,5,3,2184.327,2524.578285714285
2017-09-10,2506.646,2017,9,10,6,3,4356.061,2654.692142857142
2017-09-11,5564.006,2017,9,11,0,3,2506.646,2683.8069999999993
2017-09-12,491.54999999999995,2017,9,12,1,3,5564.006,2707.3078571428564
2017-09-13,15.92,2017,9,13,2,3,491.54999999999995,2709.5821428571426
2017-09-14,4367.347,2017,9,14,3,3,15.92,2783.693857142857
2017-09-15,7285.026,2017,9,15,4,3,4367.347,3512.365142857142
2017-09-16,849.65,2017,9,16,5,3,7285.026,3011.4492857142855
2017-09-17,4979.226,2017,9,17,6,3,849.65,3364.6749999999993
2017-09-18,1511.93,2017,9,18,0,3,4979.226,2785.8069999999993
2017-09-19,1648.188,2017,9,19,1,3,1511.93,2951.040999999999
2017-09-20,7359.918,2017,9,20,2,3,1648.188,4000.1835714285703
2017-09-21,338.172,2017,9,21,3,3,7359.918,3424.5871428571418
2017-09-22,7871.213,2017,9,22,4,3,338.172,3508.3281428571418
2017-09-23,2395.786,2017,9,23,5,3,7871.213,3729.204714285714
2017-09-24,6450.4619999999995,2017,9,24,6,3,2395.786,3939.381285714285
2017-09-25,1412.213,2017,9,25,0,3,6450.4619999999995,3925.1359999999995
2017-09-26,1486.576,2017,9,26,1,3,1412.213,3902.0485714285705
2017-09-27,0.0,2017,9,27,2,3,1486.576,2850.631714285713
2017-09-28,559.271,2017,9,28,3,3,0.0,2882.2172857142846
2017-09-29,1944.08,2017,9,29,4,3,559.271,2035.483999999999
2017-09-30,540.76,2017,9,30,5,3,1944.08,1770.4802857142847
2017-10-01,2978.466,2017,10,1,6,4,540.76,1274.4808571428564
2017-10-02,5418.022,2017,10,2,0,4,2978.466,1846.7392857142852
2017-10-03,2504.48,2017,10,3,1,4,5418.022,1992.154142857142
2017-10-04,19.98,2017,10,4,2,4,2504.48,1995.0084285714277
2017-10-05,6684.616,2017,10,5,3,4,19.98,2870.0577142857137
2017-10-06,1499.652,2017,10,6,4,4,6684.616,2806.5679999999993
2017-10-07,2749.21,2017,10,7,5,4,1499.652,3122.0608571428565
2017-10-08,608.356,2017,10,8,6,4,2749.21,2783.4737142857134
2017-10-09,1496.589,2017,10,9,0,4,608.356,2223.2689999999993
2017-10-10,239.358,2017,10,10,1,4,1496.589,1899.680142857142
2017-10-11,0.0,2017,10,11,2,4,239.358,1896.8258571428564
2017-10-12,5635.354,2017,10,12,3,4,0.0,1746.931285714285
2017-10-13,8405.802,2017,10,13,4,4,5635.354,2733.524142857142
2017-10-14,134.332,2017,10,14,5,4,8405.802,2359.970142857142
2017-10-15,1017.94,2017,10,15,6,4,134.332,2418.4821428571418
2017-10-16,3473.5969999999998,2017,10,16,0,4,1017.94,2700.911857142856
2017-10-17,126.352,2017,10,17,1,4,3473.5969999999998,2684.768142857142
2017-10-18,0.0,2017,10,18,2,4,126.352,2684.768142857142
2017-10-19,2781.8702000000003,2017,10,19,3,4,0.0,2277.1275999999993
2017-10-20,1333.858,2017,10,20,4,4,2781.8702000000003,1266.8498857142847
2017-10-21,4537.201,2017,10,21,5,4,1333.858,1895.8311714285705
2017-10-22,15158.877,2017,10,22,6,4,4537.201,3915.9650285714274
2017-10-23,3352.3940000000002,2017,10,23,0,4,15158.877,3898.650314285714
2017-10-24,529.0849999999999,2017,10,24,1,4,3352.3940000000002,3956.1835999999994
2017-10-25,0.0,2017,10,25,2,4,529.0849999999999,3956.1835999999994
2017-10-26,999.868,2017,10,26,3,4,0.0,3701.6118571428565
2017-10-27,1086.32,2017,10,27,4,4,999.868,3666.249285714285
2017-10-28,408.726,2017,10,28,5,4,1086.32,3076.4671428571423
2017-10-29,46.96,2017,10,29,6,4,408.726,917.6218571428564
2017-10-30,4025.7299999999996,2017,10,30,0,4,46.96,1013.8127142857135
2017-10-31,523.928,2017,10,31,1,4,4025.7299999999996,1013.0759999999991
2017-11-01,2921.43,2017,11,1,2,4,523.928,1430.423142857142
2017-11-02,6294.386,2017,11,2,3,4,2921.43,2186.7828571428563
2017-11-03,4536.937,2017,11,3,4,4,6294.386,2679.728142857142
2017-11-04,10668.096,2017,11,4,5,4,4536.937,4145.352428571428
2017-11-05,2355.064,2017,11,5,6,4,10668.096,4475.08157142857
2017-11-06,4288.75,2017,11,6,0,4,2355.064,4512.655857142856
2017-11-07,2413.378,2017,11,7,1,4,4288.75,4782.577285714285
2017-11-08,384.1,2017,11,8,2,4,2413.378,4420.10157142857
2017-11-09,4751.492,2017,11,9,3,4,384.1,4199.688142857142
2017-11-10,4007.5480000000002,2017,11,10,4,4,4751.492,4124.061142857142
2017-11-11,1815.2179999999998,2017,11,11,5,4,4007.5480000000002,2859.364285714285
2017-11-12,2911.386,2017,11,12,6,4,1815.2179999999998,2938.8388571428563
2017-11-13,6633.4202000000005,2017,11,13,0,4,2911.386,3273.7917428571423
2017-11-14,834.6579999999999,2017,11,14,1,4,6633.4202000000005,3048.260314285714
2017-11-15,559.2,2017,11,15,2,4,834.6579999999999,3073.2745999999997
2017-11-16,4755.234,2017,11,16,3,4,559.2,3073.8091714285706
2017-11-17,13694.8828,2017,11,17,4,4,4755.234,4457.714142857142
2017-11-18,1469.756,2017,11,18,5,4,13694.8828,4408.362428571428
2017-11-19,7397.272,2017,11,19,6,4,1469.756,5049.203285714285
2017-11-20,2988.274,2017,11,20,0,4,7397.272,4528.468114285713
2017-11-21,2236.1839999999997,2017,11,21,1,4,2988.274,4728.686114285714
2017-11-22,35.712,2017,11,22,2,4,2236.1839999999997,4653.902114285714
2017-11-23,1153.109,2017,11,23,3,4,35.712,4139.312828571428
2017-11-24,4959.641,2017,11,24,4,4,1153.109,2891.4211428571425
2017-11-25,3666.157,2017,11,25,5,4,4959.641,3205.1927142857135
2017-11-26,5048.1720000000005,2017,11,26,6,4,3666.157,2869.6069999999995
2017-11-27,1618.254,2017,11,27,0,4,5048.1720000000005,2673.8898571428567
2017-11-28,6912.944,2017,11,28,1,4,1618.254,3341.998428571428
2017-11-29,491.888,2017,11,29,2,4,6912.944,3407.1664285714282
2017-11-30,6645.282,2017,11,30,3,4,491.888,4191.7625714285705
2017-12-01,5331.178,2017,12,1,4,4,6645.282,4244.839285714285
2017-12-02,9951.182,2017,12,2,5,4,5331.178,5142.7
2017-12-03,1403.842,2017,12,3,6,4,9951.182,4622.081428571428
2017-12-04,2639.638,2017,12,4,0,4,1403.842,4767.993428571428
2017-12-05,1453.136,2017,12,5,1,4,2639.638,3988.0208571428566
2017-12-06,10.68,2017,12,6,2,4,1453.136,3919.276857142857
2017-12-07,2916.514,2017,12,7,3,4,10.68,3386.5957142857137
2017-12-08,7643.041,2017,12,8,4,4,2916.514,3716.861857142857
2017-12-09,5470.39,2017,12,9,5,4,7643.041,3076.748714285714
2017-12-10,3873.5589999999997,2017,12,10,6,4,5470.39,3429.5654285714277
2017-12-11,2823.965,2017,12,11,0,4,3873.5589999999997,3455.8978571428565
2017-12-12,0.0,2017,12,12,1,4,2823.965,3248.307
2017-12-13,580.936,2017,12,13,2,4,0.0,3329.7721428571426
2017-12-14,3897.714,2017,12,14,3,4,580.936,3469.943571428571
2017-12-15,306.88800000000003,2017,12,15,4,4,3897.714,2421.9217142857137
2017-12-16,858.702,2017,12,16,5,4,306.88800000000003,1763.1091428571422
2017-12-17,2027.758,2017,12,17,6,4,858.702,1499.4232857142852
2017-12-18,3645.911,2017,12,18,0,4,2027.758,1616.8441428571423
2017-12-19,1895.926,2017,12,19,1,4,3645.911,1887.6907142857137
2017-12-20,377.736,2017,12,20,2,4,1895.926,1858.6621428571423
2017-12-21,2140.94,2017,12,21,3,4,377.736,1607.6944285714283
2017-12-22,7442.021,2017,12,22,4,4,2140.94,2626.999142857142
2017-12-23,1926.776,2017,12,23,5,4,7442.021,2779.581142857143
2017-12-24,6233.054,2017,12,24,6,4,1926.776,3380.3377142857134
2017-12-25,2698.927,2017,12,25,0,4,6233.054,3245.0542857142855
2017-12-26,814.5939999999999,2017,12,26,1,4,2698.927,3090.578285714285
2017-12-27,177.636,2017,12,27,2,4,814.5939999999999,3061.992571428571
2017-12-28,1657.3508000000002,2017,12,28,3,4,177.636,2992.9084
2017-12-29,2915.534,2017,12,29,4,4,1657.3508000000002,2346.2673999999997
2017-12-30,713.7900000000001,2017,12,30,5,4,2915.534,2172.983685714285
